Date,Open,High,Low,Close,Volume,Dividends,Stock Splits
2025-11-24 00:00:00-05:00,16.74,17.09,16.76,17.01,953535,0.0,0.0
2025-11-21 00:00:00-05:00,16.48,16.87,16.46,16.75,783921,0.0,0.0
2025-11-20 00:00:00-05:00,16.44,16.68,16.42,16.45,770100,0.0,0.0
2025-11-19 00:00:00-05:00,16.56,16.63,16.38,16.38,674200,0.0,0.0
2025-11-18 00:00:00-05:00,16.41,16.6,16.36,16.57,800400,0.0,0.0
2025-11-17 00:00:00-05:00,16.71,16.77,16.42,16.52,926000,0.0,0.0
2025-11-14 00:00:00-05:00,16.63,16.73,16.52,16.7,613100,0.0,0.0
2025-11-13 00:00:00-05:00,16.77,16.84,16.64,16.72,568300,0.0,0.0
2025-11-12 00:00:00-05:00,16.75,16.82,16.67,16.76,492600,0.0,0.0
2025-11-11 00:00:00-05:00,16.58,16.84,16.58,16.7,752000,0.0,0.0
2025-11-10 00:00:00-05:00,16.55,16.62,16.34,16.45,793100,0.0,0.0
2025-11-07 00:00:00-05:00,16.37,16.59,16.08,16.46,1048300,0.0,0.0
2025-11-06 00:00:00-05:00,16.9,16.96,16.61,16.62,681200,0.0,0.0
2025-11-05 00:00:00-05:00,16.86,16.88,16.66,16.85,522000,0.0,0.0
2025-11-04 00:00:00-05:00,16.9,17.06,16.81,16.89,850800,0.0,0.0
2025-11-03 00:00:00-05:00,16.91,17.09,16.91,17.08,559700,0.0,0.0
2025-10-31 00:00:00-04:00,16.8,17.02,16.71,16.95,596500,0.0,0.0
2025-10-30 00:00:00-04:00,16.99,16.99,16.68,16.82,1027100,0.0,0.0
2025-10-29 00:00:00-04:00,17.29,17.4,16.99,17.06,1008300,0.0,0.0
2025-10-28 00:00:00-04:00,17.45,17.53,17.38,17.38,1148100,0.0,0.0
2025-10-27 00:00:00-04:00,17.18,17.42,17.09,17.37,818500,0.0,0.0
2025-10-24 00:00:00-04:00,17.16,17.3,17.11,17.15,1150500,0.0,0.0
2025-10-23 00:00:00-04:00,16.99,17.08,16.91,17.04,624800,0.0,0.0
2025-10-22 00:00:00-04:00,17.01,17.07,16.83,16.95,588100,0.0,0.0
2025-10-21 00:00:00-04:00,16.93,17.22,16.91,17.02,620800,0.0,0.0
2025-10-20 00:00:00-04:00,16.84,16.93,16.71,16.92,718200,0.0,0.0
2025-10-17 00:00:00-04:00,16.79,16.95,16.67,16.82,1061100,0.0,0.0
2025-10-16 00:00:00-04:00,17.08,17.08,16.74,16.75,885700,0.0,0.0
2025-10-15 00:00:00-04:00,17.18,17.19,16.91,16.99,852200,0.0,0.0
2025-10-14 00:00:00-04:00,16.75,17.15,16.75,17.04,807700,0.0,0.0
2025-10-13 00:00:00-04:00,16.32,17.02,16.25,16.96,1244100,0.0,0.0
2025-10-10 00:00:00-04:00,16.32,16.51,16.01,16.13,852900,0.0,0.0
2025-10-09 00:00:00-04:00,16.68,16.68,16.25,16.3,837400,0.0,0.0
2025-10-08 00:00:00-04:00,16.48,16.65,16.46,16.55,851700,0.0,0.0
2025-10-07 00:00:00-04:00,16.77,16.78,16.33,16.42,818600,0.0,0.0
2025-10-06 00:00:00-04:00,16.5,16.76,16.48,16.57,913500,0.0,0.0
2025-10-03 00:00:00-04:00,16.4,16.44,16.24,16.3,817800,0.0,0.0
2025-10-02 00:00:00-04:00,15.87,16.44,15.8,16.4,867600,0.0,0.0
2025-10-01 00:00:00-04:00,16.09,16.09,15.7,15.82,1894500,0.0,0.0
2025-09-30 00:00:00-04:00,16.2,16.35,16.0,16.08,1246900,0.5,0.0
2025-09-29 00:00:00-04:00,16.46,16.49,16.14,16.18,1282200,0.0,0.0
2025-09-26 00:00:00-04:00,16.52,16.59,16.34,16.37,708900,0.0,0.0
2025-09-25 00:00:00-04:00,16.48,16.58,16.35,16.45,902200,0.0,0.0
2025-09-24 00:00:00-04:00,16.59,16.61,16.3,16.4,1048300,0.0,0.0
2025-09-23 00:00:00-04:00,16.73,16.88,16.59,16.59,831000,0.0,0.0
2025-09-22 00:00:00-04:00,16.99,16.99,16.77,16.8,783900,0.0,0.0
2025-09-19 00:00:00-04:00,17.19,17.21,16.94,16.99,873900,0.0,0.0
2025-09-18 00:00:00-04:00,17.02,17.15,16.94,17.11,1062900,0.0,0.0
2025-09-17 00:00:00-04:00,16.99,17.15,16.91,16.93,617900,0.0,0.0
2025-09-16 00:00:00-04:00,17.02,17.06,16.81,16.94,1137900,0.0,0.0
2025-09-15 00:00:00-04:00,17.31,17.31,17.02,17.02,958300,0.0,0.0
2025-09-12 00:00:00-04:00,17.32,17.4,17.2,17.24,372200,0.0,0.0
2025-09-11 00:00:00-04:00,17.17,17.35,17.17,17.32,448500,0.0,0.0
2025-09-10 00:00:00-04:00,17.33,17.37,17.1,17.15,771700,0.0,0.0
2025-09-09 00:00:00-04:00,17.45,17.47,17.36,17.38,374200,0.0,0.0
2025-09-08 00:00:00-04:00,17.46,17.5,17.3,17.45,333200,0.0,0.0
2025-09-05 00:00:00-04:00,17.47,17.52,17.3,17.43,402900,0.0,0.0
2025-09-04 00:00:00-04:00,17.46,17.46,17.31,17.44,509200,0.0,0.0
2025-09-03 00:00:00-04:00,17.51,17.6,17.41,17.43,523700,0.0,0.0
2025-09-02 00:00:00-04:00,17.57,17.63,17.39,17.53,740100,0.0,0.0
2025-08-29 00:00:00-04:00,17.3,17.61,17.28,17.58,560500,0.0,0.0
2025-08-28 00:00:00-04:00,17.3,17.31,17.17,17.24,586800,0.0,0.0
2025-08-27 00:00:00-04:00,17.19,17.31,17.19,17.26,594200,0.0,0.0
2025-08-26 00:00:00-04:00,17.07,17.13,16.96,17.11,818000,0.0,0.0
2025-08-25 00:00:00-04:00,17.27,17.31,17.09,17.1,875700,0.0,0.0
2025-08-22 00:00:00-04:00,17.16,17.34,17.13,17.33,830100,0.0,0.0
2025-08-21 00:00:00-04:00,17.08,17.19,17.03,17.11,772000,0.0,0.0
2025-08-20 00:00:00-04:00,17.29,17.29,17.09,17.13,750700,0.0,0.0
2025-08-19 00:00:00-04:00,17.26,17.38,17.15,17.2,637000,0.0,0.0
2025-08-18 00:00:00-04:00,17.23,17.33,17.21,17.29,869200,0.0,0.0
2025-08-15 00:00:00-04:00,17.25,17.3,17.13,17.22,665100,0.0,0.0
2025-08-14 00:00:00-04:00,17.22,17.26,17.06,17.14,917100,0.0,0.0
2025-08-13 00:00:00-04:00,17.22,17.31,17.07,17.22,1457800,0.0,0.0
2025-08-12 00:00:00-04:00,17.23,17.3,17.12,17.22,932000,0.0,0.0
2025-08-11 00:00:00-04:00,17.36,17.47,16.85,17.17,1941700,0.0,0.0
2025-08-08 00:00:00-04:00,17.25,17.58,17.13,17.34,1412000,0.0,0.0
2025-08-07 00:00:00-04:00,17.89,17.97,17.6,17.62,659300,0.0,0.0
2025-08-06 00:00:00-04:00,17.83,17.96,17.8,17.89,783000,0.0,0.0
2025-08-05 00:00:00-04:00,17.95,17.99,17.75,17.93,601900,0.0,0.0
2025-08-04 00:00:00-04:00,17.94,18.06,17.8,17.96,550100,0.0,0.0
2025-08-01 00:00:00-04:00,18.11,18.15,17.85,17.99,670700,0.0,0.0
2025-07-31 00:00:00-04:00,18.19,18.47,18.11,18.14,555900,0.0,0.0
2025-07-30 00:00:00-04:00,18.44,18.57,18.14,18.24,697700,0.0,0.0
2025-07-29 00:00:00-04:00,18.62,18.7,18.55,18.61,463400,0.0,0.0
2025-07-28 00:00:00-04:00,18.8,18.85,18.52,18.59,819800,0.0,0.0
2025-07-25 00:00:00-04:00,18.87,19.06,18.68,18.72,611800,0.0,0.0
2025-07-24 00:00:00-04:00,19.08,19.14,18.92,19.02,430800,0.0,0.0
2025-07-23 00:00:00-04:00,19.2,19.34,19.03,19.03,410400,0.0,0.0
2025-07-22 00:00:00-04:00,19.01,19.25,18.96,19.2,779600,0.0,0.0
2025-07-21 00:00:00-04:00,19.22,19.22,18.83,19.01,440700,0.0,0.0
2025-07-18 00:00:00-04:00,19.01,19.21,18.97,19.11,427500,0.0,0.0
2025-07-17 00:00:00-04:00,18.82,19.05,18.77,19.0,435100,0.0,0.0
2025-07-16 00:00:00-04:00,18.82,18.87,18.61,18.86,251600,0.0,0.0
2025-07-15 00:00:00-04:00,18.92,18.92,18.73,18.78,236900,0.0,0.0
2025-07-14 00:00:00-04:00,18.67,18.91,18.67,18.9,294800,0.0,0.0
2025-07-11 00:00:00-04:00,18.61,18.74,18.53,18.67,259900,0.0,0.0
2025-07-10 00:00:00-04:00,18.54,18.66,18.47,18.61,381600,0.0,0.0
2025-07-09 00:00:00-04:00,18.57,18.58,18.28,18.53,470100,0.0,0.0
2025-07-08 00:00:00-04:00,18.31,18.61,18.29,18.5,420300,0.0,0.0
2025-07-07 00:00:00-04:00,18.58,18.58,18.29,18.36,466900,0.0,0.0
2025-07-03 00:00:00-04:00,18.58,18.64,18.44,18.6,300300,0.0,0.0
2025-07-02 00:00:00-04:00,18.32,18.58,18.29,18.58,361900,0.0,0.0
2025-07-01 00:00:00-04:00,18.17,18.38,18.12,18.31,383700,0.0,0.0
2025-06-30 00:00:00-04:00,18.19,18.4,18.08,18.16,525300,0.5,0.0
2025-06-27 00:00:00-04:00,18.25,18.36,18.06,18.16,343600,0.0,0.0
2025-06-26 00:00:00-04:00,18.08,18.31,18.08,18.22,315100,0.0,0.0
2025-06-25 00:00:00-04:00,18.07,18.22,18.0,18.05,342500,0.0,0.0
2025-06-24 00:00:00-04:00,18.0,18.28,17.97,18.06,453400,0.0,0.0
2025-06-23 00:00:00-04:00,18.23,18.25,17.8,17.91,988600,0.0,0.0
2025-06-20 00:00:00-04:00,18.33,18.43,18.2,18.27,558300,0.0,0.0
2025-06-18 00:00:00-04:00,18.26,18.42,18.25,18.33,320300,0.0,0.0
2025-06-17 00:00:00-04:00,18.18,18.32,18.07,18.22,470000,0.0,0.0
2025-06-16 00:00:00-04:00,18.47,18.47,18.1,18.2,490800,0.0,0.0
2025-06-13 00:00:00-04:00,18.28,18.39,18.22,18.38,317200,0.0,0.0
2025-06-12 00:00:00-04:00,18.27,18.42,18.26,18.4,293700,0.0,0.0
2025-06-11 00:00:00-04:00,18.47,18.54,18.25,18.32,416900,0.0,0.0
2025-06-10 00:00:00-04:00,18.49,18.6,18.38,18.45,364300,0.0,0.0
2025-06-09 00:00:00-04:00,18.43,18.64,18.39,18.56,281200,0.0,0.0
2025-06-06 00:00:00-04:00,18.49,18.59,18.37,18.39,829400,0.0,0.0
2025-06-05 00:00:00-04:00,18.36,18.44,18.24,18.36,292800,0.0,0.0
2025-06-04 00:00:00-04:00,18.54,18.64,18.34,18.41,348700,0.0,0.0
2025-06-03 00:00:00-04:00,18.46,18.56,18.27,18.55,289800,0.0,0.0
2025-06-02 00:00:00-04:00,18.61,18.61,18.4,18.43,301400,0.0,0.0
2025-05-30 00:00:00-04:00,18.62,18.84,18.58,18.66,258800,0.0,0.0
2025-05-29 00:00:00-04:00,18.66,18.73,18.44,18.6,286000,0.0,0.0
2025-05-28 00:00:00-04:00,18.58,18.74,18.57,18.64,211000,0.0,0.0
2025-05-27 00:00:00-04:00,18.42,18.61,18.39,18.59,208100,0.0,0.0
2025-05-23 00:00:00-04:00,18.18,18.44,18.12,18.4,247700,0.0,0.0
2025-05-22 00:00:00-04:00,18.38,18.48,18.22,18.23,323300,0.0,0.0
2025-05-21 00:00:00-04:00,18.62,18.78,18.23,18.31,385300,0.0,0.0
2025-05-20 00:00:00-04:00,18.88,18.88,18.71,18.76,316300,0.0,0.0
2025-05-19 00:00:00-04:00,18.61,18.9,18.57,18.9,354500,0.0,0.0
2025-05-16 00:00:00-04:00,18.76,18.89,18.66,18.75,223800,0.0,0.0
2025-05-15 00:00:00-04:00,18.55,18.8,18.55,18.75,390800,0.0,0.0
2025-05-14 00:00:00-04:00,18.66,18.66,18.45,18.55,332100,0.0,0.0
2025-05-13 00:00:00-04:00,18.39,18.65,18.29,18.52,533100,0.0,0.0
2025-05-12 00:00:00-04:00,17.95,18.75,17.95,18.56,868400,0.0,0.0
2025-05-09 00:00:00-04:00,17.95,18.05,17.5,17.57,1001700,0.0,0.0
2025-05-08 00:00:00-04:00,18.15,18.36,18.06,18.2,367100,0.0,0.0
2025-05-07 00:00:00-04:00,18.09,18.24,17.97,17.99,371800,0.0,0.0
2025-05-06 00:00:00-04:00,18.09,18.28,18.06,18.16,262400,0.0,0.0
2025-05-05 00:00:00-04:00,18.33,18.42,18.11,18.16,261200,0.0,0.0
2025-05-02 00:00:00-04:00,18.29,18.55,18.22,18.34,418100,0.0,0.0
2025-05-01 00:00:00-04:00,18.41,18.57,18.15,18.18,370300,0.0,0.0
2025-04-30 00:00:00-04:00,18.45,18.48,18.14,18.4,634100,0.0,0.0
2025-04-29 00:00:00-04:00,18.24,18.42,18.17,18.41,348000,0.0,0.0
2025-04-28 00:00:00-04:00,18.31,18.39,18.11,18.24,786200,0.0,0.0
2025-04-25 00:00:00-04:00,18.21,18.41,18.15,18.25,269300,0.0,0.0
2025-04-24 00:00:00-04:00,18.23,18.4,18.19,18.31,285500,0.0,0.0
2025-04-23 00:00:00-04:00,18.84,18.87,18.18,18.23,403200,0.0,0.0
2025-04-22 00:00:00-04:00,18.17,18.49,18.1,18.4,249300,0.0,0.0
2025-04-21 00:00:00-04:00,18.14,18.17,17.86,18.05,339900,0.0,0.0
2025-04-17 00:00:00-04:00,18.0,18.27,18.0,18.26,374700,0.0,0.0
2025-04-16 00:00:00-04:00,18.08,18.31,17.97,18.04,362100,0.0,0.0
2025-04-15 00:00:00-04:00,18.14,18.36,17.99,18.09,465200,0.0,0.0
2025-04-14 00:00:00-04:00,17.8,18.21,17.76,18.06,568300,0.0,0.0
2025-04-11 00:00:00-04:00,17.11,17.54,17.11,17.48,562500,0.0,0.0
2025-04-10 00:00:00-04:00,17.26,17.8,16.88,17.13,752300,0.0,0.0
2025-04-09 00:00:00-04:00,16.77,17.93,16.62,17.7,1137700,0.0,0.0
2025-04-08 00:00:00-04:00,17.82,17.87,16.7,16.81,1072800,0.0,0.0
2025-04-07 00:00:00-04:00,17.24,17.92,16.96,17.35,1160300,0.0,0.0
2025-04-04 00:00:00-04:00,18.87,18.91,17.6,17.72,1548800,0.0,0.0
2025-04-03 00:00:00-04:00,18.79,19.32,18.79,18.97,614700,0.0,0.0
2025-04-02 00:00:00-04:00,19.24,19.25,19.06,19.16,476600,0.0,0.0
2025-04-01 00:00:00-04:00,18.85,19.3,18.85,19.25,517700,0.0,0.0
2025-03-31 00:00:00-04:00,18.95,19.05,18.75,18.86,1051300,0.5,0.0
2025-03-28 00:00:00-04:00,19.25,19.27,18.95,19.06,579200,0.0,0.0
2025-03-27 00:00:00-04:00,19.02,19.26,19.02,19.24,615700,0.0,0.0
2025-03-26 00:00:00-04:00,19.07,19.09,18.9,19.04,426500,0.0,0.0
2025-03-25 00:00:00-04:00,19.13,19.13,19.01,19.1,357300,0.0,0.0
2025-03-24 00:00:00-04:00,19.11,19.16,18.99,19.03,501300,0.0,0.0
2025-03-21 00:00:00-04:00,18.92,19.18,18.92,19.11,609700,0.0,0.0
2025-03-20 00:00:00-04:00,18.99,19.03,18.85,18.95,726500,0.0,0.0
2025-03-19 00:00:00-04:00,18.98,19.11,18.89,18.96,557700,0.0,0.0
2025-03-18 00:00:00-04:00,18.96,19.04,18.81,19.02,447500,0.0,0.0
2025-03-17 00:00:00-04:00,18.63,18.92,18.63,18.91,553600,0.0,0.0
2025-03-14 00:00:00-04:00,18.53,18.68,18.44,18.56,663400,0.0,0.0
2025-03-13 00:00:00-04:00,18.48,18.59,18.32,18.36,767100,0.0,0.0
2025-03-12 00:00:00-04:00,18.68,18.72,18.49,18.54,564000,0.0,0.0
2025-03-11 00:00:00-04:00,18.62,18.72,18.4,18.51,693400,0.0,0.0
2025-03-10 00:00:00-04:00,18.59,18.74,18.49,18.58,598000,0.0,0.0
2025-03-07 00:00:00-05:00,18.52,18.73,18.45,18.66,635000,0.0,0.0
2025-03-06 00:00:00-05:00,18.56,18.59,18.39,18.42,589400,0.0,0.0
2025-03-05 00:00:00-05:00,18.62,18.65,18.39,18.56,710800,0.0,0.0
2025-03-04 00:00:00-05:00,18.67,18.72,18.45,18.49,759700,0.0,0.0
2025-03-03 00:00:00-05:00,18.85,18.97,18.7,18.82,1063600,0.0,0.0
2025-02-28 00:00:00-05:00,18.88,19.03,18.56,18.66,1569400,0.0,0.0
2025-02-27 00:00:00-05:00,19.16,19.22,19.0,19.08,549400,0.0,0.0
2025-02-26 00:00:00-05:00,19.32,19.36,19.08,19.13,846800,0.0,0.0
2025-02-25 00:00:00-05:00,19.04,19.36,18.94,19.32,1363300,0.0,0.0
2025-02-24 00:00:00-05:00,19.1,19.14,18.9,18.99,800700,0.0,0.0
2025-02-21 00:00:00-05:00,19.27,19.28,18.95,19.08,756200,0.0,0.0
2025-02-20 00:00:00-05:00,19.36,19.36,19.08,19.2,537100,0.0,0.0
2025-02-19 00:00:00-05:00,19.27,19.36,19.19,19.34,400100,0.0,0.0
2025-02-18 00:00:00-05:00,19.27,19.32,19.12,19.32,440000,0.0,0.0
2025-02-14 00:00:00-05:00,19.01,19.26,19.01,19.26,445800,0.0,0.0
2025-02-13 00:00:00-05:00,18.97,19.05,18.87,19.05,592000,0.0,0.0
2025-02-12 00:00:00-05:00,18.85,18.95,18.8,18.87,532800,0.0,0.0
2025-02-11 00:00:00-05:00,18.88,19.1,18.88,18.98,634900,0.0,0.0
2025-02-10 00:00:00-05:00,19.01,19.11,18.81,18.97,686800,0.0,0.0
2025-02-07 00:00:00-05:00,19.16,19.23,18.97,19.05,757300,0.0,0.0
2025-02-06 00:00:00-05:00,19.19,19.25,19.08,19.14,525100,0.0,0.0
2025-02-05 00:00:00-05:00,19.08,19.19,19.01,19.19,468200,0.0,0.0
2025-02-04 00:00:00-05:00,19.46,19.46,19.03,19.12,653100,0.0,0.0
2025-02-03 00:00:00-05:00,19.18,19.41,19.13,19.35,434600,0.0,0.0
2025-01-31 00:00:00-05:00,19.37,19.53,19.23,19.37,595100,0.0,0.0
2025-01-30 00:00:00-05:00,19.43,19.51,19.19,19.41,825900,0.0,0.0
2025-01-29 00:00:00-05:00,19.43,19.55,19.18,19.25,894700,0.0,0.0
2025-01-28 00:00:00-05:00,19.36,20.05,19.26,19.43,1356400,0.0,0.0
2025-01-27 00:00:00-05:00,19.08,19.41,18.95,19.39,1629900,0.0,0.0
2025-01-24 00:00:00-05:00,19.14,19.36,19.03,19.17,1111100,0.0,0.0
2025-01-23 00:00:00-05:00,19.31,19.45,19.04,19.18,1443700,0.0,0.0
2025-01-22 00:00:00-05:00,19.82,19.84,19.27,19.52,1005100,0.0,0.0
2025-01-21 00:00:00-05:00,19.82,19.99,19.76,19.92,376400,0.0,0.0
2025-01-17 00:00:00-05:00,19.65,19.89,19.57,19.76,278200,0.0,0.0
2025-01-16 00:00:00-05:00,19.36,19.62,19.25,19.59,319400,0.0,0.0
2025-01-15 00:00:00-05:00,19.53,19.53,19.25,19.41,336600,0.0,0.0
2025-01-14 00:00:00-05:00,19.29,19.43,19.14,19.38,345600,0.0,0.0
2025-01-13 00:00:00-05:00,18.92,19.3,18.81,19.3,448200,0.0,0.0
2025-01-10 00:00:00-05:00,18.81,18.97,18.65,18.92,679600,0.0,0.0
2025-01-08 00:00:00-05:00,19.14,19.14,18.86,18.93,177700,0.0,0.0
2025-01-07 00:00:00-05:00,18.95,19.14,18.74,19.09,316500,0.0,0.0
2025-01-06 00:00:00-05:00,19.14,19.29,18.87,18.9,347100,0.0,0.0
2025-01-03 00:00:00-05:00,19.31,19.35,19.16,19.19,353000,0.0,0.0
2025-01-02 00:00:00-05:00,19.34,19.52,19.15,19.28,384100,0.0,0.0
2024-12-31 00:00:00-05:00,19.19,19.32,18.99,19.05,364500,0.5,0.0
2024-12-30 00:00:00-05:00,19.18,19.29,19.01,19.2,279000,0.0,0.0
2024-12-27 00:00:00-05:00,18.96,19.22,18.93,19.22,315100,0.0,0.0
2024-12-26 00:00:00-05:00,18.91,19.17,18.86,19.07,322900,0.0,0.0
2024-12-24 00:00:00-05:00,18.59,18.97,18.59,18.92,161300,0.0,0.0
2024-12-23 00:00:00-05:00,18.91,18.91,18.56,18.69,225500,0.0,0.0
2024-12-20 00:00:00-05:00,18.56,18.97,18.56,18.76,474200,0.0,0.0
2024-12-19 00:00:00-05:00,19.34,19.34,18.56,18.58,554300,0.0,0.0
2024-12-18 00:00:00-05:00,19.25,19.47,18.73,18.77,397400,0.0,0.0
2024-12-17 00:00:00-05:00,19.13,19.35,19.09,19.25,308500,0.0,0.0
2024-12-16 00:00:00-05:00,19.1,19.22,18.93,19.12,396300,0.0,0.0
2024-12-13 00:00:00-05:00,19.19,19.19,18.96,19.07,269800,0.0,0.0
2024-12-12 00:00:00-05:00,19.32,19.42,19.1,19.18,415300,0.0,0.0
2024-12-11 00:00:00-05:00,19.12,19.29,18.92,19.26,451600,0.0,0.0
2024-12-10 00:00:00-05:00,18.86,19.04,18.8,18.96,303600,0.0,0.0
2024-12-09 00:00:00-05:00,19.09,19.11,18.86,18.88,282500,0.0,0.0
2024-12-06 00:00:00-05:00,18.92,19.07,18.86,19.02,250500,0.0,0.0
2024-12-05 00:00:00-05:00,19.26,19.27,18.89,18.92,422100,0.0,0.0
2024-12-04 00:00:00-05:00,19.21,19.25,19.0,19.2,415500,0.0,0.0
2024-12-03 00:00:00-05:00,19.18,19.24,18.92,18.98,283100,0.0,0.0
2024-12-02 00:00:00-05:00,19.29,19.56,19.12,19.15,470100,0.0,0.0
2024-11-29 00:00:00-05:00,18.91,19.28,18.86,19.21,376900,0.0,0.0
2024-11-27 00:00:00-05:00,18.62,18.82,18.57,18.76,441000,0.0,0.0
2024-11-26 00:00:00-05:00,18.79,18.84,18.63,18.67,535200,0.0,0.0
2024-11-25 00:00:00-05:00,18.47,18.84,18.47,18.73,911800,0.0,0.0
2024-11-22 00:00:00-05:00,18.61,18.61,18.32,18.39,406500,0.0,0.0
2024-11-21 00:00:00-05:00,18.47,18.59,18.38,18.57,360800,0.0,0.0
2024-11-20 00:00:00-05:00,18.58,18.59,18.17,18.44,1186500,0.0,0.0
2024-11-19 00:00:00-05:00,18.47,18.56,18.2,18.52,315000,0.0,0.0
2024-11-18 00:00:00-05:00,18.34,18.58,18.28,18.5,533000,0.0,0.0
2024-11-15 00:00:00-05:00,18.19,18.41,18.11,18.3,631800,0.0,0.0
2024-11-14 00:00:00-05:00,18.25,18.34,18.14,18.2,415400,0.0,0.0
2024-11-13 00:00:00-05:00,18.1,18.4,18.03,18.27,777700,0.0,0.0
2024-11-12 00:00:00-05:00,18.34,18.45,17.9,17.97,464300,0.0,0.0
2024-11-11 00:00:00-05:00,18.27,18.46,18.1,18.11,575400,0.0,0.0
2024-11-08 00:00:00-05:00,18.11,18.28,17.84,18.22,571800,0.0,0.0
2024-11-07 00:00:00-05:00,17.87,18.22,17.84,18.2,618500,0.0,0.0
2024-11-06 00:00:00-05:00,17.89,17.93,17.71,17.86,446200,0.0,0.0
2024-11-05 00:00:00-05:00,17.78,17.83,17.57,17.67,424800,0.0,0.0
2024-11-04 00:00:00-05:00,18.13,18.13,17.66,17.68,447000,0.1,0.0
2024-11-01 00:00:00-04:00,17.92,18.04,17.84,17.93,373000,0.0,0.0
2024-10-31 00:00:00-04:00,17.87,17.87,17.74,17.81,496900,0.0,0.0
2024-10-30 00:00:00-04:00,17.88,18.05,17.76,17.82,680000,0.0,0.0
2024-10-29 00:00:00-04:00,18.14,18.21,17.84,17.87,659000,0.0,0.0
2024-10-28 00:00:00-04:00,17.82,18.26,17.79,18.14,2055100,0.0,0.0
2024-10-25 00:00:00-04:00,17.5,17.75,17.5,17.75,545200,0.0,0.0
2024-10-24 00:00:00-04:00,17.54,17.67,17.45,17.58,704200,0.0,0.0
2024-10-23 00:00:00-04:00,17.64,17.77,17.48,17.52,475100,0.0,0.0
2024-10-22 00:00:00-04:00,17.96,18.04,17.56,17.61,722600,0.0,0.0
2024-10-21 00:00:00-04:00,17.93,17.99,17.54,17.96,862900,0.0,0.0
2024-10-18 00:00:00-04:00,18.1,18.18,17.93,17.93,203300,0.0,0.0
2024-10-17 00:00:00-04:00,18.01,18.1,17.85,18.1,217600,0.0,0.0
2024-10-16 00:00:00-04:00,17.99,18.14,17.9,18.01,156300,0.0,0.0
2024-10-15 00:00:00-04:00,18.1,18.1,17.9,17.93,101800,0.0,0.0
2024-10-14 00:00:00-04:00,17.99,18.14,17.88,18.04,168500,0.0,0.0
2024-10-11 00:00:00-04:00,18.06,18.1,17.69,18.0,523700,0.0,0.0
2024-10-10 00:00:00-04:00,17.7,18.05,17.7,18.03,131700,0.0,0.0
2024-10-09 00:00:00-04:00,17.76,17.97,17.75,17.77,121300,0.0,0.0
2024-10-08 00:00:00-04:00,17.88,17.99,17.75,17.84,150800,0.0,0.0
2024-10-07 00:00:00-04:00,18.1,18.1,17.91,17.92,92800,0.0,0.0
2024-10-04 00:00:00-04:00,17.99,18.1,17.99,18.08,88500,0.0,0.0
2024-10-03 00:00:00-04:00,17.95,18.06,17.81,18.0,111600,0.0,0.0
2024-10-02 00:00:00-04:00,17.8,18.07,17.78,18.04,130000,0.0,0.0
2024-10-01 00:00:00-04:00,17.8,17.86,17.67,17.8,140700,0.0,0.0
2024-09-30 00:00:00-04:00,17.87,17.89,17.64,17.72,254400,0.5,0.0
2024-09-27 00:00:00-04:00,17.33,17.53,17.33,17.49,131700,0.0,0.0
2024-09-26 00:00:00-04:00,17.54,17.6,17.32,17.36,131100,0.0,0.0
2024-09-25 00:00:00-04:00,17.43,17.51,17.35,17.4,144200,0.0,0.0
2024-09-24 00:00:00-04:00,17.59,17.66,17.49,17.5,126200,0.0,0.0
2024-09-23 00:00:00-04:00,17.47,17.65,17.45,17.59,217800,0.0,0.0
2024-09-20 00:00:00-04:00,17.53,17.69,17.49,17.61,182700,0.0,0.0
2024-09-19 00:00:00-04:00,17.69,17.69,17.43,17.57,120700,0.0,0.0
2024-09-18 00:00:00-04:00,17.53,17.69,17.38,17.62,179700,0.0,0.0
2024-09-17 00:00:00-04:00,17.51,17.66,17.37,17.42,164900,0.0,0.0
2024-09-16 00:00:00-04:00,17.41,17.69,17.41,17.58,129400,0.0,0.0
2024-09-13 00:00:00-04:00,17.69,17.69,17.53,17.57,101900,0.0,0.0
2024-09-12 00:00:00-04:00,17.46,17.64,17.46,17.61,114100,0.0,0.0
2024-09-11 00:00:00-04:00,17.26,17.53,17.25,17.49,114300,0.0,0.0
2024-09-10 00:00:00-04:00,17.24,17.45,17.23,17.35,125000,0.0,0.0
2024-09-09 00:00:00-04:00,17.53,17.64,17.2,17.23,331300,0.0,0.0
2024-09-06 00:00:00-04:00,17.56,17.62,17.42,17.51,112600,0.0,0.0
2024-09-05 00:00:00-04:00,17.76,17.78,17.48,17.55,148800,0.0,0.0
2024-09-04 00:00:00-04:00,17.55,17.7,17.5,17.65,104800,0.0,0.0
2024-09-03 00:00:00-04:00,17.91,18.0,17.52,17.61,110100,0.0,0.0
2024-08-30 00:00:00-04:00,18.05,18.21,17.85,18.05,230200,0.0,0.0
2024-08-29 00:00:00-04:00,17.72,18.08,17.7,18.05,207000,0.0,0.0
2024-08-28 00:00:00-04:00,17.94,18.03,17.65,17.78,125300,0.0,0.0
2024-08-27 00:00:00-04:00,17.91,18.24,17.91,18.03,99000,0.0,0.0
2024-08-26 00:00:00-04:00,18.08,18.29,17.86,17.98,202600,0.0,0.0
2024-08-23 00:00:00-04:00,17.76,18.14,17.65,18.08,273300,0.0,0.0
2024-08-22 00:00:00-04:00,17.7,17.84,17.6,17.75,176800,0.0,0.0
2024-08-21 00:00:00-04:00,17.79,17.82,17.5,17.69,95800,0.0,0.0
2024-08-20 00:00:00-04:00,17.65,17.84,17.47,17.7,142400,0.0,0.0
2024-08-19 00:00:00-04:00,17.91,17.98,17.51,17.7,206500,0.0,0.0
2024-08-16 00:00:00-04:00,17.42,17.75,17.34,17.57,267900,0.0,0.0
2024-08-15 00:00:00-04:00,17.36,17.47,17.28,17.36,125100,0.0,0.0
2024-08-14 00:00:00-04:00,17.03,17.47,17.03,17.39,189400,0.0,0.0
2024-08-13 00:00:00-04:00,17.44,17.51,16.9,17.09,352900,0.0,0.0
2024-08-12 00:00:00-04:00,17.15,17.53,17.15,17.31,224000,0.0,0.0
2024-08-09 00:00:00-04:00,17.37,17.67,17.22,17.29,245100,0.0,0.0
2024-08-08 00:00:00-04:00,16.89,17.24,16.84,16.92,197100,0.0,0.0
2024-08-07 00:00:00-04:00,17.44,17.57,16.84,16.88,252400,0.0,0.0
2024-08-06 00:00:00-04:00,17.26,17.77,17.08,17.25,241200,0.0,0.0
2024-08-05 00:00:00-04:00,17.25,17.62,17.12,17.19,300900,0.1,0.0
2024-08-02 00:00:00-04:00,17.56,17.73,17.39,17.51,175700,0.0,0.0
2024-08-01 00:00:00-04:00,17.75,17.84,17.51,17.72,359600,0.0,0.0
2024-07-31 00:00:00-04:00,17.82,18.52,17.65,17.73,878300,0.0,0.0
2024-07-30 00:00:00-04:00,17.64,17.94,17.64,17.9,456900,0.0,0.0
2024-07-29 00:00:00-04:00,17.25,17.64,17.13,17.56,447500,0.0,0.0
2024-07-26 00:00:00-04:00,17.12,17.37,16.93,17.21,464700,0.0,0.0
2024-07-25 00:00:00-04:00,17.46,17.73,16.76,16.97,820100,0.0,0.0
2024-07-24 00:00:00-04:00,17.45,17.76,17.34,17.36,313800,0.0,0.0
2024-07-23 00:00:00-04:00,18.13,18.3,17.43,17.75,682500,0.0,0.0
2024-07-22 00:00:00-04:00,19.45,19.51,18.17,18.36,311000,0.0,0.0
2024-07-19 00:00:00-04:00,19.88,19.88,19.44,19.56,42100,0.0,0.0
2024-07-18 00:00:00-04:00,20.09,20.17,19.92,20.08,8500,0.0,0.0
2024-07-17 00:00:00-04:00,20.46,20.46,19.91,20.21,14000,0.0,0.0
2024-07-16 00:00:00-04:00,20.37,20.37,20.1,20.22,31200,0.0,0.0
2024-07-15 00:00:00-04:00,20.51,20.53,20.02,20.09,24100,0.0,0.0
2024-07-12 00:00:00-04:00,20.42,20.54,20.09,20.4,22300,0.0,0.0
2024-07-11 00:00:00-04:00,20.34,20.38,20.09,20.37,12000,0.0,0.0
2024-07-10 00:00:00-04:00,20.31,20.42,20.16,20.34,16900,0.0,0.0
2024-07-09 00:00:00-04:00,20.58,20.58,20.1,20.36,56800,0.0,0.0
2024-07-08 00:00:00-04:00,19.99,20.21,19.86,20.17,46500,0.0,0.0
2024-07-05 00:00:00-04:00,19.66,20.12,19.66,20.05,30400,0.0,0.0
2024-07-03 00:00:00-04:00,18.99,19.68,18.99,19.66,9000,0.0,0.0
2024-07-02 00:00:00-04:00,18.9,19.43,18.9,18.98,52200,0.0,0.0
2024-07-01 00:00:00-04:00,19.09,19.38,18.89,18.89,58900,0.0,0.0
2024-06-28 00:00:00-04:00,20.21,20.29,18.9,18.99,194200,0.5,0.0
2024-06-27 00:00:00-04:00,20.14,20.27,20.03,20.03,18300,0.0,0.0
2024-06-26 00:00:00-04:00,20.03,20.37,20.02,20.04,31400,0.0,0.0
2024-06-25 00:00:00-04:00,19.74,20.18,19.73,20.05,14600,0.0,0.0
2024-06-24 00:00:00-04:00,20.22,20.26,19.28,19.57,40700,0.0,0.0
2024-06-21 00:00:00-04:00,19.34,20.57,19.2,20.53,184800,0.0,0.0
2024-06-20 00:00:00-04:00,19.25,19.57,19.25,19.47,8500,0.0,0.0
2024-06-18 00:00:00-04:00,18.94,19.45,18.94,19.28,18700,0.0,0.0
2024-06-17 00:00:00-04:00,19.35,19.8,18.86,19.05,30900,0.0,0.0
2024-06-14 00:00:00-04:00,19.25,19.55,19.25,19.37,10000,0.0,0.0
2024-06-13 00:00:00-04:00,19.57,19.57,19.28,19.4,26200,0.0,0.0
2024-06-12 00:00:00-04:00,19.78,19.91,19.45,19.57,28700,0.0,0.0
2024-06-11 00:00:00-04:00,19.45,19.67,19.24,19.67,29600,0.0,0.0
2024-06-10 00:00:00-04:00,19.91,19.91,19.2,19.23,29700,0.0,0.0
2024-06-07 00:00:00-04:00,19.65,19.85,19.41,19.81,35400,0.0,0.0
2024-06-06 00:00:00-04:00,19.71,19.8,19.35,19.65,20300,0.0,0.0
2024-06-05 00:00:00-04:00,19.68,19.91,19.61,19.72,37200,0.0,0.0
2024-06-04 00:00:00-04:00,19.91,19.91,19.7,19.84,23900,0.0,0.0
2024-06-03 00:00:00-04:00,19.74,19.93,19.64,19.7,29200,0.0,0.0
2024-05-31 00:00:00-04:00,19.63,19.72,19.51,19.69,22800,0.0,0.0
2024-05-30 00:00:00-04:00,19.61,19.75,19.56,19.66,26800,0.0,0.0
2024-05-29 00:00:00-04:00,18.98,19.61,18.91,19.57,32100,0.0,0.0
2024-05-28 00:00:00-04:00,18.76,19.15,18.62,19.13,65800,0.0,0.0
2024-05-24 00:00:00-04:00,18.73,18.95,18.57,18.62,41900,0.0,0.0
2024-05-23 00:00:00-04:00,18.88,19.44,18.64,18.91,36100,0.0,0.0
2024-05-22 00:00:00-04:00,19.39,19.39,18.8,18.88,31700,0.0,0.0
2024-05-21 00:00:00-04:00,19.39,19.68,19.34,19.4,16900,0.0,0.0
2024-05-20 00:00:00-04:00,19.61,19.61,19.2,19.56,43000,0.0,0.0
2024-05-17 00:00:00-04:00,18.74,19.95,18.72,19.61,64600,0.0,0.0
2024-05-16 00:00:00-04:00,18.95,19.42,18.74,19.4,43500,0.0,0.0
2024-05-15 00:00:00-04:00,19.08,19.08,18.73,18.92,36500,0.0,0.0
2024-05-14 00:00:00-04:00,18.98,19.35,18.91,19.05,72900,0.0,0.0
2024-05-13 00:00:00-04:00,18.93,19.06,18.57,19.0,36900,0.0,0.0
2024-05-10 00:00:00-04:00,19.58,19.59,18.93,18.94,49900,0.0,0.0
2024-05-09 00:00:00-04:00,19.33,19.85,19.31,19.84,66300,0.0,0.0
2024-05-08 00:00:00-04:00,19.01,19.53,19.01,19.51,58400,0.0,0.0
2024-05-07 00:00:00-04:00,19.35,19.51,18.96,18.96,75700,0.0,0.0
2024-05-06 00:00:00-04:00,18.71,19.46,18.61,19.42,101000,0.0,0.0
2024-05-03 00:00:00-04:00,18.16,18.88,18.16,18.46,33900,0.0,0.0
2024-05-02 00:00:00-04:00,18.59,18.59,18.06,18.23,35800,0.0,0.0
2024-05-01 00:00:00-04:00,18.14,18.65,18.11,18.4,28100,0.0,0.0
2024-04-30 00:00:00-04:00,19.02,19.02,18.13,18.29,50700,0.0,0.0
2024-04-29 00:00:00-04:00,18.32,18.83,18.03,18.63,55700,0.0,0.0
2024-04-26 00:00:00-04:00,18.71,18.71,18.17,18.26,39700,0.0,0.0
2024-04-25 00:00:00-04:00,18.2,18.57,17.96,18.33,33900,0.0,0.0
2024-04-24 00:00:00-04:00,18.62,18.62,18.0,18.41,38600,0.0,0.0
2024-04-23 00:00:00-04:00,18.24,18.71,17.93,18.51,47500,0.0,0.0
2024-04-22 00:00:00-04:00,17.93,18.48,17.82,18.02,34600,0.0,0.0
2024-04-19 00:00:00-04:00,18.16,18.31,18.0,18.06,30000,0.0,0.0
2024-04-18 00:00:00-04:00,17.99,18.15,17.99,18.09,23500,0.0,0.0
2024-04-17 00:00:00-04:00,18.37,18.37,17.92,18.04,27000,0.0,0.0
2024-04-16 00:00:00-04:00,17.84,18.15,17.65,18.15,65400,0.0,0.0
2024-04-15 00:00:00-04:00,18.09,18.09,17.59,17.75,42200,0.0,0.0
2024-04-12 00:00:00-04:00,18.27,18.27,17.78,17.94,24900,0.0,0.0
2024-04-11 00:00:00-04:00,18.25,18.83,17.78,17.94,121600,0.0,0.0
2024-04-10 00:00:00-04:00,18.88,18.88,17.8,18.49,88400,0.0,0.0
2024-04-09 00:00:00-04:00,17.8,18.37,17.61,18.36,73400,0.0,0.0
2024-04-08 00:00:00-04:00,18.16,18.2,17.8,17.84,38000,0.0,0.0
2024-04-05 00:00:00-04:00,18.17,18.24,17.95,18.01,37600,0.0,0.0
2024-04-04 00:00:00-04:00,18.16,18.66,17.98,18.03,68800,0.0,0.0
2024-04-03 00:00:00-04:00,18.23,18.45,17.91,18.15,92800,0.0,0.0
2024-04-02 00:00:00-04:00,18.28,18.4,17.91,18.11,144300,0.0,0.0
2024-04-01 00:00:00-04:00,18.37,18.57,18.17,18.34,81400,0.0,0.0
2024-03-28 00:00:00-04:00,18.91,19.01,18.33,18.33,166800,0.0,0.0
2024-03-27 00:00:00-04:00,19.18,19.18,18.51,18.9,117000,0.5,0.0
2024-03-26 00:00:00-04:00,18.24,18.86,18.1,18.74,150200,0.0,0.0
2024-03-25 00:00:00-04:00,18.51,18.56,18.09,18.14,97200,0.0,0.0
2024-03-22 00:00:00-04:00,17.78,18.76,17.41,18.66,203400,0.0,0.0
2024-03-21 00:00:00-04:00,18.31,19.11,17.67,17.67,345700,0.0,0.0
2024-03-20 00:00:00-04:00,18.16,18.51,17.97,18.43,203700,0.0,0.0
2024-03-19 00:00:00-04:00,18.17,18.26,17.82,18.1,143500,0.0,0.0
2024-03-18 00:00:00-04:00,17.8,18.42,17.53,18.17,195200,0.0,0.0
2024-03-15 00:00:00-04:00,17.05,18.4,17.01,18.4,2319100,0.0,0.0
2024-03-14 00:00:00-04:00,17.09,17.22,17.09,17.19,132600,0.0,0.0
2024-03-13 00:00:00-04:00,17.23,17.23,16.97,17.12,377500,0.0,0.0
2024-03-12 00:00:00-04:00,17.13,17.13,16.98,17.02,139800,0.0,0.0
2024-03-11 00:00:00-04:00,17.05,17.21,16.68,17.13,574200,0.0,0.0
2024-03-08 00:00:00-05:00,17.04,17.04,16.58,16.64,36200,0.0,0.0
2024-03-07 00:00:00-05:00,16.58,16.98,16.56,16.94,72800,0.0,0.0
2024-03-06 00:00:00-05:00,16.54,16.65,16.47,16.54,21900,0.0,0.0
2024-03-05 00:00:00-05:00,16.65,16.84,16.47,16.53,37600,0.0,0.0
2024-03-04 00:00:00-05:00,16.67,16.97,16.64,16.64,61700,0.0,0.0
2024-03-01 00:00:00-05:00,16.79,16.79,16.33,16.46,42800,0.0,0.0
2024-02-29 00:00:00-05:00,16.27,16.51,15.85,16.33,70400,0.0,0.0
2024-02-28 00:00:00-05:00,16.49,16.55,16.28,16.34,45200,0.0,0.0
2024-02-27 00:00:00-05:00,16.68,16.83,16.2,16.39,42800,0.0,0.0
2024-02-26 00:00:00-05:00,16.94,16.97,16.48,16.48,84700,0.0,0.0
2024-02-23 00:00:00-05:00,17.13,17.13,16.79,16.8,60200,0.0,0.0
2024-02-22 00:00:00-05:00,17.0,17.13,16.96,17.05,137000,0.0,0.0
2024-02-21 00:00:00-05:00,16.83,17.04,16.83,16.98,176400,0.0,0.0
2024-02-20 00:00:00-05:00,17.01,17.13,16.9,16.94,146600,0.0,0.0
2024-02-16 00:00:00-05:00,17.0,17.13,16.99,17.01,234300,0.0,0.0
2024-02-15 00:00:00-05:00,17.23,17.23,17.09,17.09,67600,0.0,0.0
2024-02-14 00:00:00-05:00,17.32,17.32,16.99,17.13,129000,0.0,0.0
2024-02-13 00:00:00-05:00,17.18,17.18,16.95,17.12,90200,0.0,0.0
2024-02-12 00:00:00-05:00,17.28,17.28,17.0,17.13,96200,0.0,0.0
2024-02-09 00:00:00-05:00,16.84,17.12,16.84,17.11,72400,0.0,0.0
2024-02-08 00:00:00-05:00,16.93,16.99,16.87,16.87,42300,0.0,0.0
2024-02-07 00:00:00-05:00,16.89,17.02,16.84,16.91,31700,0.0,0.0
2024-02-06 00:00:00-05:00,16.88,17.13,16.81,16.93,110600,0.0,0.0
2024-02-05 00:00:00-05:00,17.15,17.19,16.82,16.9,235700,0.0,0.0
2024-02-02 00:00:00-05:00,16.9,17.18,16.79,17.04,50300,0.0,0.0
2024-02-01 00:00:00-05:00,16.89,16.97,16.84,16.87,43900,0.0,0.0
2024-01-31 00:00:00-05:00,17.04,17.05,16.84,17.03,121800,0.0,0.0
2024-01-30 00:00:00-05:00,17.07,17.22,16.89,17.05,147600,0.0,0.0
2024-01-29 00:00:00-05:00,17.2,17.2,16.91,16.91,31600,0.0,0.0
2024-01-26 00:00:00-05:00,17.17,17.17,16.85,17.01,180200,0.0,0.0
2024-01-25 00:00:00-05:00,17.13,17.19,17.06,17.18,171400,0.0,0.0
2024-01-24 00:00:00-05:00,17.01,17.18,16.89,17.17,951100,0.0,0.0
