Date,Open,High,Low,Close,Volume,Dividends,Stock Splits,Capital Gains
2025-11-21 00:00:00-05:00,43.72,43.79,43.65,43.74,67810,0.0,0.0,0.0
2025-11-20 00:00:00-05:00,43.68,43.69,43.59,43.64,222700,0.0,0.0,0.0
2025-11-19 00:00:00-05:00,43.55,43.65,43.55,43.57,87900,0.0,0.0,0.0
2025-11-18 00:00:00-05:00,43.59,43.71,43.53,43.55,49300,0.0,0.0,0.0
2025-11-17 00:00:00-05:00,43.54,43.58,43.49,43.54,43200,0.0,0.0,0.0
2025-11-14 00:00:00-05:00,43.54,43.64,43.49,43.53,49900,0.0,0.0,0.0
2025-11-13 00:00:00-05:00,43.59,43.67,43.54,43.54,45600,0.0,0.0,0.0
2025-11-12 00:00:00-05:00,43.7,43.74,43.63,43.72,58400,0.0,0.0,0.0
2025-11-11 00:00:00-05:00,43.7,43.75,43.62,43.75,30600,0.0,0.0,0.0
2025-11-10 00:00:00-05:00,43.63,43.74,43.57,43.58,48300,0.0,0.0,0.0
2025-11-07 00:00:00-05:00,43.61,43.7,43.55,43.64,36800,0.0,0.0,0.0
2025-11-06 00:00:00-05:00,43.45,43.68,43.45,43.65,50800,0.0,0.0,0.0
2025-11-05 00:00:00-05:00,43.6,43.71,43.45,43.45,91800,0.0,0.0,0.0
2025-11-04 00:00:00-05:00,43.47,43.7,43.47,43.61,56500,0.0,0.0,0.0
2025-11-03 00:00:00-05:00,43.52,43.72,43.5,43.55,79400,0.0,0.0,0.0
2025-10-31 00:00:00-04:00,43.7,43.73,43.57,43.63,54900,0.0,0.0,0.0
2025-10-30 00:00:00-04:00,43.66,43.89,43.56,43.73,31600,0.15,0.0,0.0
2025-10-29 00:00:00-04:00,43.85,43.92,43.63,43.68,46600,0.0,0.0,0.0
2025-10-28 00:00:00-04:00,43.91,44.05,43.76,43.9,73800,0.0,0.0,0.0
2025-10-27 00:00:00-04:00,43.88,43.91,43.75,43.91,47700,0.0,0.0,0.0
2025-10-24 00:00:00-04:00,43.83,43.9,43.69,43.86,44800,0.0,0.0,0.0
2025-10-23 00:00:00-04:00,44.02,44.02,43.82,43.83,65900,0.0,0.0,0.0
2025-10-22 00:00:00-04:00,43.86,44.0,43.79,43.9,58300,0.0,0.0,0.0
2025-10-21 00:00:00-04:00,43.96,43.99,43.84,43.94,98800,0.0,0.0,0.0
2025-10-20 00:00:00-04:00,43.75,44.03,43.71,43.85,43800,0.0,0.0,0.0
2025-10-17 00:00:00-04:00,43.8,43.8,43.68,43.76,35800,0.0,0.0,0.0
2025-10-16 00:00:00-04:00,43.93,43.93,43.56,43.74,54800,0.0,0.0,0.0
2025-10-15 00:00:00-04:00,43.68,43.84,43.56,43.65,41000,0.0,0.0,0.0
2025-10-14 00:00:00-04:00,43.77,43.77,43.55,43.7,42300,0.0,0.0,0.0
2025-10-13 00:00:00-04:00,43.59,43.67,43.53,43.64,28500,0.0,0.0,0.0
2025-10-10 00:00:00-04:00,43.48,43.59,43.41,43.5,41200,0.0,0.0,0.0
2025-10-09 00:00:00-04:00,43.4,43.46,43.34,43.37,37500,0.0,0.0,0.0
2025-10-08 00:00:00-04:00,43.51,43.51,43.41,43.44,46700,0.0,0.0,0.0
2025-10-07 00:00:00-04:00,43.35,43.48,43.21,43.43,69700,0.0,0.0,0.0
2025-10-06 00:00:00-04:00,43.31,43.43,43.17,43.31,45000,0.0,0.0,0.0
2025-10-03 00:00:00-04:00,43.64,43.64,43.4,43.45,60400,0.0,0.0,0.0
2025-10-02 00:00:00-04:00,43.4,43.54,43.38,43.45,43800,0.0,0.0,0.0
2025-10-01 00:00:00-04:00,43.5,43.5,43.34,43.47,28800,0.0,0.0,0.0
2025-09-30 00:00:00-04:00,43.27,43.44,43.21,43.35,73400,0.0,0.0,0.0
2025-09-29 00:00:00-04:00,43.5,43.5,43.25,43.29,57700,0.14,0.0,0.0
2025-09-26 00:00:00-04:00,43.27,43.38,43.14,43.29,37900,0.0,0.0,0.0
2025-09-25 00:00:00-04:00,43.22,43.35,42.76,43.27,33300,0.0,0.0,0.0
2025-09-24 00:00:00-04:00,43.34,43.38,43.3,43.3,55000,0.0,0.0,0.0
2025-09-23 00:00:00-04:00,43.28,43.42,43.23,43.4,89400,0.0,0.0,0.0
2025-09-22 00:00:00-04:00,43.32,43.36,43.24,43.26,65900,0.0,0.0,0.0
2025-09-19 00:00:00-04:00,43.57,43.57,43.25,43.37,62400,0.0,0.0,0.0
2025-09-18 00:00:00-04:00,43.34,43.72,43.29,43.34,41300,0.0,0.0,0.0
2025-09-17 00:00:00-04:00,43.71,43.75,43.47,43.47,51000,0.0,0.0,0.0
2025-09-16 00:00:00-04:00,43.48,43.61,43.48,43.57,38700,0.0,0.0,0.0
2025-09-15 00:00:00-04:00,43.48,43.62,43.48,43.55,40100,0.0,0.0,0.0
2025-09-12 00:00:00-04:00,43.43,43.56,43.33,43.44,25900,0.0,0.0,0.0
2025-09-11 00:00:00-04:00,43.49,43.6,43.25,43.55,56600,0.0,0.0,0.0
2025-09-10 00:00:00-04:00,43.41,43.54,43.36,43.46,48300,0.0,0.0,0.0
2025-09-09 00:00:00-04:00,43.51,43.51,43.34,43.4,77600,0.0,0.0,0.0
2025-09-08 00:00:00-04:00,43.36,43.52,43.36,43.5,72500,0.0,0.0,0.0
2025-09-05 00:00:00-04:00,43.27,43.4,43.27,43.35,48900,0.0,0.0,0.0
2025-09-04 00:00:00-04:00,42.99,43.15,42.96,43.1,51400,0.0,0.0,0.0
2025-09-03 00:00:00-04:00,42.95,43.03,42.71,42.98,47400,0.0,0.0,0.0
2025-09-02 00:00:00-04:00,42.89,42.92,42.66,42.84,55400,0.0,0.0,0.0
2025-08-29 00:00:00-04:00,42.88,43.1,42.84,42.88,46400,0.0,0.0,0.0
2025-08-28 00:00:00-04:00,42.78,42.96,42.78,42.88,35600,0.15,0.0,0.0
2025-08-27 00:00:00-04:00,42.82,42.95,42.56,42.79,27100,0.0,0.0,0.0
2025-08-26 00:00:00-04:00,42.74,42.93,42.7,42.86,32700,0.0,0.0,0.0
2025-08-25 00:00:00-04:00,42.83,42.93,42.54,42.71,29400,0.0,0.0,0.0
2025-08-22 00:00:00-04:00,42.62,42.88,42.62,42.82,24500,0.0,0.0,0.0
2025-08-21 00:00:00-04:00,42.71,42.77,42.47,42.59,36000,0.0,0.0,0.0
2025-08-20 00:00:00-04:00,42.62,42.85,42.62,42.75,36700,0.0,0.0,0.0
2025-08-19 00:00:00-04:00,42.5,42.79,42.5,42.6,28500,0.0,0.0,0.0
2025-08-18 00:00:00-04:00,42.98,42.98,42.5,42.54,53000,0.0,0.0,0.0
2025-08-15 00:00:00-04:00,42.54,42.95,42.54,42.6,47100,0.0,0.0,0.0
2025-08-14 00:00:00-04:00,42.98,42.99,42.59,42.59,60700,0.0,0.0,0.0
2025-08-13 00:00:00-04:00,43.05,43.05,42.74,42.74,38200,0.0,0.0,0.0
2025-08-12 00:00:00-04:00,42.7,42.73,42.53,42.7,28700,0.0,0.0,0.0
2025-08-11 00:00:00-04:00,42.67,42.79,42.57,42.71,48900,0.0,0.0,0.0
2025-08-08 00:00:00-04:00,42.63,42.7,42.54,42.68,22900,0.0,0.0,0.0
2025-08-07 00:00:00-04:00,42.93,42.95,42.67,42.77,21100,0.0,0.0,0.0
2025-08-06 00:00:00-04:00,42.69,42.9,42.69,42.82,23400,0.0,0.0,0.0
2025-08-05 00:00:00-04:00,42.77,43.01,42.69,42.79,33300,0.0,0.0,0.0
2025-08-04 00:00:00-04:00,42.78,43.03,42.74,42.82,31100,0.0,0.0,0.0
2025-08-01 00:00:00-04:00,42.5,43.09,42.5,42.76,45100,0.0,0.0,0.0
2025-07-31 00:00:00-04:00,42.42,42.84,42.35,42.38,37700,0.0,0.0,0.0
2025-07-30 00:00:00-04:00,42.6,42.6,42.32,42.32,32200,0.15,0.0,0.0
2025-07-29 00:00:00-04:00,42.21,42.48,42.21,42.48,31100,0.0,0.0,0.0
2025-07-28 00:00:00-04:00,42.25,42.32,42.17,42.3,41900,0.0,0.0,0.0
2025-07-25 00:00:00-04:00,42.31,42.42,42.18,42.27,46000,0.0,0.0,0.0
2025-07-24 00:00:00-04:00,42.23,42.35,42.13,42.29,30900,0.0,0.0,0.0
2025-07-23 00:00:00-04:00,42.29,42.38,42.21,42.3,46000,0.0,0.0,0.0
2025-07-22 00:00:00-04:00,42.22,42.45,42.17,42.35,19300,0.0,0.0,0.0
2025-07-21 00:00:00-04:00,42.38,42.54,42.21,42.34,68500,0.0,0.0,0.0
2025-07-18 00:00:00-04:00,42.07,42.31,42.07,42.13,47800,0.0,0.0,0.0
2025-07-17 00:00:00-04:00,42.0,42.15,42.0,42.02,37800,0.0,0.0,0.0
2025-07-16 00:00:00-04:00,42.03,42.1,41.98,42.05,25600,0.0,0.0,0.0
2025-07-15 00:00:00-04:00,42.26,42.26,41.97,42.2,22700,0.0,0.0,0.0
2025-07-14 00:00:00-04:00,42.02,42.22,42.02,42.1,24400,0.0,0.0,0.0
2025-07-11 00:00:00-04:00,42.36,42.36,42.09,42.21,24200,0.0,0.0,0.0
2025-07-10 00:00:00-04:00,42.39,42.39,42.22,42.38,19800,0.0,0.0,0.0
2025-07-09 00:00:00-04:00,42.19,42.42,42.13,42.4,46900,0.0,0.0,0.0
2025-07-08 00:00:00-04:00,42.08,42.24,42.02,42.2,29500,0.0,0.0,0.0
2025-07-07 00:00:00-04:00,42.36,43.53,42.13,42.13,53300,0.0,0.0,0.0
2025-07-03 00:00:00-04:00,42.26,42.44,42.24,42.38,29800,0.0,0.0,0.0
2025-07-02 00:00:00-04:00,42.64,42.64,42.28,42.36,34300,0.0,0.0,0.0
2025-07-01 00:00:00-04:00,42.48,42.56,42.35,42.55,21300,0.0,0.0,0.0
2025-06-30 00:00:00-04:00,42.43,42.63,42.36,42.63,38300,0.0,0.0,0.0
2025-06-27 00:00:00-04:00,42.35,42.59,42.29,42.47,29400,0.15,0.0,0.0
2025-06-26 00:00:00-04:00,42.35,42.44,42.22,42.42,30700,0.0,0.0,0.0
2025-06-25 00:00:00-04:00,42.23,42.64,42.22,42.29,34200,0.0,0.0,0.0
2025-06-24 00:00:00-04:00,42.17,42.41,41.99,42.26,26400,0.0,0.0,0.0
2025-06-23 00:00:00-04:00,42.07,42.32,42.04,42.16,13600,0.0,0.0,0.0
2025-06-20 00:00:00-04:00,41.97,42.25,41.94,42.07,30000,0.0,0.0,0.0
2025-06-18 00:00:00-04:00,42.06,42.24,41.95,42.08,38200,0.0,0.0,0.0
2025-06-17 00:00:00-04:00,41.93,42.22,41.86,42.0,22100,0.0,0.0,0.0
2025-06-16 00:00:00-04:00,41.81,42.02,41.81,41.86,21300,0.0,0.0,0.0
2025-06-13 00:00:00-04:00,42.0,42.08,41.85,41.98,22600,0.0,0.0,0.0
2025-06-12 00:00:00-04:00,41.87,42.15,41.87,42.14,21800,0.0,0.0,0.0
2025-06-11 00:00:00-04:00,42.07,42.19,41.79,41.89,29100,0.0,0.0,0.0
2025-06-10 00:00:00-04:00,41.74,42.06,41.74,41.8,46300,0.0,0.0,0.0
2025-06-09 00:00:00-04:00,41.58,41.96,41.53,41.72,35600,0.0,0.0,0.0
2025-06-06 00:00:00-04:00,42.02,42.02,41.68,41.69,54800,0.0,0.0,0.0
2025-06-05 00:00:00-04:00,41.91,42.08,41.83,41.9,23300,0.0,0.0,0.0
2025-06-04 00:00:00-04:00,41.68,42.1,41.68,42.03,26800,0.0,0.0,0.0
2025-06-03 00:00:00-04:00,41.64,41.81,41.64,41.76,24100,0.0,0.0,0.0
2025-06-02 00:00:00-04:00,41.49,41.79,41.49,41.79,29700,0.0,0.0,0.0
2025-05-30 00:00:00-04:00,41.49,41.92,41.49,41.79,44500,0.0,0.0,0.0
2025-05-29 00:00:00-04:00,41.71,41.98,41.43,41.73,25800,0.15,0.0,0.0
2025-05-28 00:00:00-04:00,41.83,41.83,41.52,41.6,44400,0.0,0.0,0.0
2025-05-27 00:00:00-04:00,41.65,42.11,41.51,42.11,26000,0.0,0.0,0.0
2025-05-23 00:00:00-04:00,41.44,41.72,41.44,41.56,20700,0.0,0.0,0.0
2025-05-22 00:00:00-04:00,41.34,41.56,41.28,41.52,17600,0.0,0.0,0.0
2025-05-21 00:00:00-04:00,41.5,41.55,41.35,41.43,26700,0.0,0.0,0.0
2025-05-20 00:00:00-04:00,41.69,41.69,41.46,41.65,28400,0.0,0.0,0.0
2025-05-19 00:00:00-04:00,41.61,42.11,41.43,41.87,68300,0.0,0.0,0.0
2025-05-16 00:00:00-04:00,41.67,41.92,41.53,41.7,25400,0.0,0.0,0.0
2025-05-15 00:00:00-04:00,41.56,41.73,41.36,41.53,18700,0.0,0.0,0.0
2025-05-14 00:00:00-04:00,41.53,41.55,41.35,41.48,24600,0.0,0.0,0.0
2025-05-13 00:00:00-04:00,41.48,41.69,41.37,41.55,72800,0.0,0.0,0.0
2025-05-12 00:00:00-04:00,41.8,41.8,41.43,41.59,36300,0.0,0.0,0.0
2025-05-09 00:00:00-04:00,41.84,41.85,41.58,41.71,19700,0.0,0.0,0.0
2025-05-08 00:00:00-04:00,41.8,42.03,41.56,41.76,18900,0.0,0.0,0.0
2025-05-07 00:00:00-04:00,41.85,42.22,41.73,41.93,24400,0.0,0.0,0.0
2025-05-06 00:00:00-04:00,41.57,41.99,41.57,41.97,22100,0.0,0.0,0.0
2025-05-05 00:00:00-04:00,41.86,41.9,41.6,41.69,15500,0.0,0.0,0.0
2025-05-02 00:00:00-04:00,41.84,41.97,41.64,41.64,24400,0.0,0.0,0.0
2025-05-01 00:00:00-04:00,42.14,42.18,41.79,41.83,23100,0.0,0.0,0.0
2025-04-30 00:00:00-04:00,42.07,42.2,41.75,42.1,24700,0.0,0.0,0.0
2025-04-29 00:00:00-04:00,42.22,42.22,41.98,42.07,77600,0.16,0.0,0.0
2025-04-28 00:00:00-04:00,41.69,42.1,41.69,42.09,36900,0.0,0.0,0.0
2025-04-25 00:00:00-04:00,41.83,41.92,41.66,41.78,26700,0.0,0.0,0.0
2025-04-24 00:00:00-04:00,41.36,41.74,41.36,41.57,19100,0.0,0.0,0.0
2025-04-23 00:00:00-04:00,41.41,41.87,41.34,41.45,18900,0.0,0.0,0.0
2025-04-22 00:00:00-04:00,41.42,41.54,41.18,41.38,67700,0.0,0.0,0.0
2025-04-21 00:00:00-04:00,41.38,41.59,41.26,41.37,38000,0.0,0.0,0.0
2025-04-17 00:00:00-04:00,41.85,41.85,41.34,41.34,153500,0.0,0.0,0.0
2025-04-16 00:00:00-04:00,41.33,41.72,41.32,41.71,16100,0.0,0.0,0.0
2025-04-15 00:00:00-04:00,41.29,41.66,41.29,41.45,24900,0.0,0.0,0.0
2025-04-14 00:00:00-04:00,41.34,41.48,41.16,41.36,26700,0.0,0.0,0.0
2025-04-11 00:00:00-04:00,41.11,41.27,40.85,41.09,29800,0.0,0.0,0.0
2025-04-10 00:00:00-04:00,41.21,41.86,41.21,41.41,64000,0.0,0.0,0.0
2025-04-09 00:00:00-04:00,41.34,41.64,41.02,41.48,65900,0.0,0.0,0.0
2025-04-08 00:00:00-04:00,41.74,42.02,41.49,41.66,76500,0.0,0.0,0.0
2025-04-07 00:00:00-04:00,42.24,42.56,41.83,41.97,60900,0.0,0.0,0.0
2025-04-04 00:00:00-04:00,42.57,42.72,42.41,42.56,59600,0.0,0.0,0.0
2025-04-03 00:00:00-04:00,42.18,42.48,42.18,42.36,41800,0.0,0.0,0.0
2025-04-02 00:00:00-04:00,42.07,42.21,41.96,42.11,31800,0.0,0.0,0.0
2025-04-01 00:00:00-04:00,41.97,42.13,41.93,42.09,25600,0.0,0.0,0.0
2025-03-31 00:00:00-04:00,41.88,41.97,41.83,41.97,29900,0.0,0.0,0.0
2025-03-28 00:00:00-04:00,41.74,41.84,41.72,41.81,15000,0.15,0.0,0.0
2025-03-27 00:00:00-04:00,41.56,41.63,41.48,41.62,16300,0.0,0.0,0.0
2025-03-26 00:00:00-04:00,41.73,41.77,41.59,41.67,20600,0.0,0.0,0.0
2025-03-25 00:00:00-04:00,41.6,41.99,41.59,41.77,22600,0.0,0.0,0.0
2025-03-24 00:00:00-04:00,41.82,41.83,41.63,41.66,24700,0.0,0.0,0.0
2025-03-21 00:00:00-04:00,41.93,41.94,41.74,41.88,18500,0.0,0.0,0.0
2025-03-20 00:00:00-04:00,41.95,42.04,41.8,41.94,52600,0.0,0.0,0.0
2025-03-19 00:00:00-04:00,41.81,41.92,41.6,41.81,50300,0.0,0.0,0.0
2025-03-18 00:00:00-04:00,41.54,41.79,41.54,41.76,15700,0.0,0.0,0.0
2025-03-17 00:00:00-04:00,41.89,41.89,41.6,41.73,20600,0.0,0.0,0.0
2025-03-14 00:00:00-04:00,41.68,41.73,41.56,41.72,18300,0.0,0.0,0.0
2025-03-13 00:00:00-04:00,41.49,41.84,41.35,41.84,27800,0.0,0.0,0.0
2025-03-12 00:00:00-04:00,41.82,41.83,41.6,41.6,30000,0.0,0.0,0.0
2025-03-11 00:00:00-04:00,41.77,41.94,41.75,41.84,55500,0.0,0.0,0.0
2025-03-10 00:00:00-04:00,41.87,42.03,41.72,41.95,38300,0.0,0.0,0.0
2025-03-07 00:00:00-05:00,41.92,42.21,41.62,41.7,41000,0.0,0.0,0.0
2025-03-06 00:00:00-05:00,41.67,41.81,41.61,41.73,15800,0.0,0.0,0.0
2025-03-05 00:00:00-05:00,41.95,41.97,41.72,41.81,44100,0.0,0.0,0.0
2025-03-04 00:00:00-05:00,41.87,42.15,41.86,41.92,80800,0.0,0.0,0.0
2025-03-03 00:00:00-05:00,41.83,42.12,41.77,42.12,52600,0.0,0.0,0.0
2025-02-28 00:00:00-05:00,41.76,42.07,41.7,42.07,33700,0.0,0.0,0.0
2025-02-27 00:00:00-05:00,41.9,41.9,41.67,41.7,45900,0.13,0.0,0.0
2025-02-26 00:00:00-05:00,41.71,41.89,41.62,41.88,29700,0.0,0.0,0.0
2025-02-25 00:00:00-05:00,41.66,41.84,41.59,41.83,42700,0.0,0.0,0.0
2025-02-24 00:00:00-05:00,41.26,41.6,41.26,41.44,53600,0.0,0.0,0.0
2025-02-21 00:00:00-05:00,41.22,41.51,41.13,41.36,43500,0.0,0.0,0.0
2025-02-20 00:00:00-05:00,41.14,41.28,41.1,41.21,31700,0.0,0.0,0.0
2025-02-19 00:00:00-05:00,41.04,41.14,40.99,41.08,49000,0.0,0.0,0.0
2025-02-18 00:00:00-05:00,41.06,41.23,40.86,41.04,49600,0.0,0.0,0.0
2025-02-14 00:00:00-05:00,41.26,41.34,41.26,41.29,13400,0.0,0.0,0.0
2025-02-13 00:00:00-05:00,40.99,41.2,40.95,41.12,41300,0.0,0.0,0.0
2025-02-12 00:00:00-05:00,40.98,40.98,40.75,40.86,47100,0.0,0.0,0.0
2025-02-11 00:00:00-05:00,41.16,41.18,40.97,41.06,66500,0.0,0.0,0.0
2025-02-10 00:00:00-05:00,41.45,41.45,41.16,41.16,54900,0.0,0.0,0.0
2025-02-07 00:00:00-05:00,41.17,41.32,41.11,41.16,31600,0.0,0.0,0.0
2025-02-06 00:00:00-05:00,41.24,41.35,41.24,41.3,52600,0.0,0.0,0.0
2025-02-05 00:00:00-05:00,41.26,41.46,41.1,41.41,58400,0.0,0.0,0.0
2025-02-04 00:00:00-05:00,40.97,41.3,40.89,41.26,39700,0.0,0.0,0.0
2025-02-03 00:00:00-05:00,40.98,41.25,40.88,41.01,53600,0.0,0.0,0.0
2025-01-31 00:00:00-05:00,40.94,41.15,40.87,41.0,29200,0.0,0.0,0.0
2025-01-30 00:00:00-05:00,41.07,41.26,40.96,41.11,20300,0.15,0.0,0.0
2025-01-29 00:00:00-05:00,41.34,41.34,40.99,40.99,30600,0.0,0.0,0.0
2025-01-28 00:00:00-05:00,41.09,41.12,40.95,40.99,31100,0.0,0.0,0.0
2025-01-27 00:00:00-05:00,40.97,41.09,40.87,41.09,55900,0.0,0.0,0.0
2025-01-24 00:00:00-05:00,40.71,40.86,40.71,40.86,30100,0.0,0.0,0.0
2025-01-23 00:00:00-05:00,40.82,40.82,40.67,40.74,35300,0.0,0.0,0.0
2025-01-22 00:00:00-05:00,40.87,40.98,40.84,40.85,40300,0.0,0.0,0.0
2025-01-21 00:00:00-05:00,40.89,40.96,40.81,40.96,37300,0.0,0.0,0.0
2025-01-17 00:00:00-05:00,40.8,40.88,40.77,40.82,32000,0.0,0.0,0.0
2025-01-16 00:00:00-05:00,40.55,40.94,40.55,40.76,27400,0.0,0.0,0.0
2025-01-15 00:00:00-05:00,40.63,40.78,40.61,40.66,31200,0.0,0.0,0.0
2025-01-14 00:00:00-05:00,40.19,40.4,40.19,40.38,49300,0.0,0.0,0.0
2025-01-13 00:00:00-05:00,40.58,40.58,40.24,40.43,27800,0.0,0.0,0.0
2025-01-10 00:00:00-05:00,40.68,40.68,40.33,40.48,55100,0.0,0.0,0.0
2025-01-08 00:00:00-05:00,40.46,40.76,40.46,40.68,39900,0.0,0.0,0.0
2025-01-07 00:00:00-05:00,40.66,40.71,40.48,40.62,36400,0.0,0.0,0.0
2025-01-06 00:00:00-05:00,40.63,40.82,40.61,40.82,65600,0.0,0.0,0.0
2025-01-03 00:00:00-05:00,41.02,41.02,40.72,40.81,36600,0.0,0.0,0.0
2025-01-02 00:00:00-05:00,40.84,40.88,40.68,40.87,48200,0.0,0.0,0.0
2024-12-31 00:00:00-05:00,41.02,41.02,40.75,40.91,54700,0.0,0.0,0.0
2024-12-30 00:00:00-05:00,40.84,40.96,40.77,40.94,47600,0.17,0.0,0.0
2024-12-27 00:00:00-05:00,40.49,40.77,40.49,40.68,27200,0.0,0.0,0.0
2024-12-26 00:00:00-05:00,40.47,40.75,40.47,40.65,23700,0.0,0.0,0.0
2024-12-24 00:00:00-05:00,40.65,40.9,40.61,40.75,11900,0.0,0.0,0.0
2024-12-23 00:00:00-05:00,41.04,41.04,40.66,40.73,43900,0.0,0.0,0.0
2024-12-20 00:00:00-05:00,40.74,41.01,40.72,40.9,43500,0.0,0.0,0.0
2024-12-19 00:00:00-05:00,40.98,40.98,40.66,40.71,46200,0.0,0.0,0.0
2024-12-18 00:00:00-05:00,41.11,41.38,40.85,40.85,41300,0.0,0.0,0.0
2024-12-17 00:00:00-05:00,41.25,41.47,41.09,41.1,43000,0.0,0.0,0.0
2024-12-16 00:00:00-05:00,41.15,41.2,41.09,41.15,31900,0.0,0.0,0.0
2024-12-13 00:00:00-05:00,41.19,41.39,41.08,41.14,35200,0.0,0.0,0.0
2024-12-12 00:00:00-05:00,41.58,41.6,41.2,41.2,42300,0.0,0.0,0.0
2024-12-11 00:00:00-05:00,41.45,41.72,41.37,41.4,21000,0.0,0.0,0.0
2024-12-10 00:00:00-05:00,41.61,41.61,41.41,41.54,18900,0.0,0.0,0.0
2024-12-09 00:00:00-05:00,41.66,41.71,41.48,41.68,41000,0.0,0.0,0.0
2024-12-06 00:00:00-05:00,41.62,41.93,41.62,41.67,37500,0.0,0.0,0.0
2024-12-05 00:00:00-05:00,41.54,41.79,41.49,41.57,26700,0.0,0.0,0.0
2024-12-04 00:00:00-05:00,41.35,41.69,41.32,41.64,40400,0.0,0.0,0.0
2024-12-03 00:00:00-05:00,41.57,41.71,41.44,41.44,24600,0.0,0.0,0.0
2024-12-02 00:00:00-05:00,41.65,41.72,41.43,41.54,39800,0.0,0.0,0.0
2024-11-29 00:00:00-05:00,41.38,41.62,41.38,41.54,28300,0.0,0.0,0.0
2024-11-27 00:00:00-05:00,41.58,41.59,41.25,41.29,32400,0.15,0.0,0.0
2024-11-26 00:00:00-05:00,41.71,41.71,41.17,41.23,38400,0.0,0.0,0.0
2024-11-25 00:00:00-05:00,40.82,41.42,40.82,41.25,54900,0.0,0.0,0.0
2024-11-22 00:00:00-05:00,40.85,40.98,40.84,40.98,24600,0.0,0.0,0.0
2024-11-21 00:00:00-05:00,40.94,41.03,40.8,40.91,14600,0.0,0.0,0.0
2024-11-20 00:00:00-05:00,40.75,40.99,40.75,40.95,66700,0.0,0.0,0.0
2024-11-19 00:00:00-05:00,40.68,41.39,40.68,40.97,29600,0.0,0.0,0.0
2024-11-18 00:00:00-05:00,40.71,40.94,40.65,40.92,35600,0.0,0.0,0.0
2024-11-15 00:00:00-05:00,41.04,41.04,40.66,40.89,36500,0.0,0.0,0.0
2024-11-14 00:00:00-05:00,40.81,41.03,40.81,41.01,41300,0.0,0.0,0.0
2024-11-13 00:00:00-05:00,40.9,40.97,40.77,40.86,22900,0.0,0.0,0.0
2024-11-12 00:00:00-05:00,41.05,41.29,40.77,40.9,45800,0.0,0.0,0.0
2024-11-11 00:00:00-05:00,41.09,41.25,40.94,41.05,57800,0.0,0.0,0.0
2024-11-08 00:00:00-05:00,41.11,41.25,40.94,41.22,62500,0.0,0.0,0.0
2024-11-07 00:00:00-05:00,40.78,41.26,40.78,41.19,53200,0.0,0.0,0.0
2024-11-06 00:00:00-05:00,40.78,40.97,40.64,40.97,53700,0.0,0.0,0.0
2024-11-05 00:00:00-05:00,41.21,41.21,40.93,41.05,24800,0.0,0.0,0.0
2024-11-04 00:00:00-05:00,41.25,41.25,41.0,41.15,32400,0.0,0.0,0.0
2024-11-01 00:00:00-04:00,41.39,41.39,40.88,40.88,28600,0.0,0.0,0.0
2024-10-31 00:00:00-04:00,40.93,41.21,40.92,41.17,47500,0.0,0.0,0.0
2024-10-30 00:00:00-04:00,41.29,41.33,40.99,41.15,25200,0.14,0.0,0.0
2024-10-29 00:00:00-04:00,40.98,41.19,40.86,41.18,28400,0.0,0.0,0.0
2024-10-28 00:00:00-04:00,41.16,41.21,40.98,41.03,29300,0.0,0.0,0.0
2024-10-25 00:00:00-04:00,41.1,41.31,41.1,41.22,31500,0.0,0.0,0.0
2024-10-24 00:00:00-04:00,40.98,41.29,40.98,41.25,26000,0.0,0.0,0.0
2024-10-23 00:00:00-04:00,41.19,41.56,41.09,41.1,33600,0.0,0.0,0.0
2024-10-22 00:00:00-04:00,41.45,41.45,41.19,41.25,52000,0.0,0.0,0.0
2024-10-21 00:00:00-04:00,41.37,41.44,41.19,41.24,54400,0.0,0.0,0.0
2024-10-18 00:00:00-04:00,41.41,41.57,41.41,41.49,26700,0.0,0.0,0.0
2024-10-17 00:00:00-04:00,41.62,41.7,41.43,41.51,12900,0.0,0.0,0.0
2024-10-16 00:00:00-04:00,41.68,41.75,41.67,41.67,30700,0.0,0.0,0.0
2024-10-15 00:00:00-04:00,41.44,41.7,41.44,41.67,27700,0.0,0.0,0.0
2024-10-14 00:00:00-04:00,41.43,41.49,41.33,41.41,37800,0.0,0.0,0.0
2024-10-11 00:00:00-04:00,41.47,41.58,41.43,41.49,21300,0.0,0.0,0.0
2024-10-10 00:00:00-04:00,41.45,41.54,41.36,41.47,21300,0.0,0.0,0.0
2024-10-09 00:00:00-04:00,41.45,41.54,41.45,41.47,10300,0.0,0.0,0.0
2024-10-08 00:00:00-04:00,41.45,41.63,41.45,41.58,88400,0.0,0.0,0.0
2024-10-07 00:00:00-04:00,41.57,41.65,41.45,41.63,41400,0.0,0.0,0.0
2024-10-04 00:00:00-04:00,42.0,42.0,41.69,41.78,45100,0.0,0.0,0.0
2024-10-03 00:00:00-04:00,42.06,42.14,41.95,42.09,25500,0.0,0.0,0.0
2024-10-02 00:00:00-04:00,42.16,42.28,42.06,42.15,30600,0.0,0.0,0.0
2024-10-01 00:00:00-04:00,42.54,42.54,42.2,42.21,40000,0.0,0.0,0.0
2024-09-30 00:00:00-04:00,42.28,42.28,42.11,42.11,27500,0.0,0.0,0.0
2024-09-27 00:00:00-04:00,42.4,42.4,42.15,42.15,27600,0.14,0.0,0.0
2024-09-26 00:00:00-04:00,42.28,42.28,42.03,42.22,25600,0.0,0.0,0.0
2024-09-25 00:00:00-04:00,42.16,42.2,42.08,42.09,22600,0.0,0.0,0.0
2024-09-24 00:00:00-04:00,42.06,42.32,42.0,42.22,41500,0.0,0.0,0.0
2024-09-23 00:00:00-04:00,42.2,42.27,42.0,42.16,31300,0.0,0.0,0.0
2024-09-20 00:00:00-04:00,42.24,42.44,42.17,42.29,67200,0.0,0.0,0.0
2024-09-19 00:00:00-04:00,42.2,42.41,42.11,42.23,59000,0.0,0.0,0.0
2024-09-18 00:00:00-04:00,42.41,42.54,42.26,42.27,33100,0.0,0.0,0.0
2024-09-17 00:00:00-04:00,42.65,42.65,42.39,42.41,31100,0.0,0.0,0.0
2024-09-16 00:00:00-04:00,42.47,42.53,42.34,42.52,33000,0.0,0.0,0.0
2024-09-13 00:00:00-04:00,42.25,42.41,42.25,42.41,28400,0.0,0.0,0.0
2024-09-12 00:00:00-04:00,42.68,42.68,42.2,42.29,16500,0.0,0.0,0.0
2024-09-11 00:00:00-04:00,42.32,42.42,42.28,42.34,33100,0.0,0.0,0.0
2024-09-10 00:00:00-04:00,42.09,42.36,42.09,42.31,22300,0.0,0.0,0.0
2024-09-09 00:00:00-04:00,43.03,43.03,42.07,42.2,34900,0.0,0.0,0.0
2024-09-06 00:00:00-04:00,41.94,42.27,41.94,42.14,20400,0.0,0.0,0.0
2024-09-05 00:00:00-04:00,42.06,42.15,41.96,42.07,39700,0.0,0.0,0.0
2024-09-04 00:00:00-04:00,41.71,42.04,41.71,42.03,47000,0.0,0.0,0.0
2024-09-03 00:00:00-04:00,41.69,41.84,41.68,41.71,23300,0.0,0.0,0.0
2024-08-30 00:00:00-04:00,41.68,41.76,41.57,41.59,19200,0.0,0.0,0.0
2024-08-29 00:00:00-04:00,41.99,41.99,41.63,41.75,34300,0.15,0.0,0.0
2024-08-28 00:00:00-04:00,41.61,41.84,41.61,41.78,63000,0.0,0.0,0.0
2024-08-27 00:00:00-04:00,41.82,41.82,41.66,41.74,14300,0.0,0.0,0.0
2024-08-26 00:00:00-04:00,41.95,41.95,41.74,41.82,38700,0.0,0.0,0.0
2024-08-23 00:00:00-04:00,41.66,41.89,41.66,41.84,32700,0.0,0.0,0.0
2024-08-22 00:00:00-04:00,41.72,41.74,41.58,41.66,24700,0.0,0.0,0.0
2024-08-21 00:00:00-04:00,41.74,41.91,41.71,41.78,33900,0.0,0.0,0.0
2024-08-20 00:00:00-04:00,41.88,41.88,41.67,41.78,35300,0.0,0.0,0.0
2024-08-19 00:00:00-04:00,41.71,41.74,41.54,41.63,31900,0.0,0.0,0.0
2024-08-16 00:00:00-04:00,41.41,41.67,41.41,41.61,41700,0.0,0.0,0.0
2024-08-15 00:00:00-04:00,41.64,41.64,41.37,41.45,38800,0.0,0.0,0.0
2024-08-14 00:00:00-04:00,41.65,41.72,41.57,41.66,22500,0.0,0.0,0.0
2024-08-13 00:00:00-04:00,41.55,41.6,41.42,41.58,25100,0.0,0.0,0.0
2024-08-12 00:00:00-04:00,41.54,41.54,41.22,41.43,23300,0.0,0.0,0.0
2024-08-09 00:00:00-04:00,41.48,41.48,41.23,41.34,26800,0.0,0.0,0.0
2024-08-08 00:00:00-04:00,41.12,41.41,41.09,41.11,61200,0.0,0.0,0.0
2024-08-07 00:00:00-04:00,42.2,42.2,41.2,41.34,35900,0.0,0.0,0.0
2024-08-06 00:00:00-04:00,41.59,41.68,41.33,41.33,69700,0.0,0.0,0.0
2024-08-05 00:00:00-04:00,41.84,42.01,41.59,41.76,57600,0.0,0.0,0.0
2024-08-02 00:00:00-04:00,41.4,41.74,41.4,41.69,53000,0.0,0.0,0.0
2024-08-01 00:00:00-04:00,41.27,41.29,41.08,41.28,59800,0.0,0.0,0.0
2024-07-31 00:00:00-04:00,40.71,41.02,40.71,40.94,32000,0.0,0.0,0.0
2024-07-30 00:00:00-04:00,40.9,40.98,40.71,40.74,22100,0.14,0.0,0.0
2024-07-29 00:00:00-04:00,40.82,40.82,40.64,40.74,16100,0.0,0.0,0.0
2024-07-26 00:00:00-04:00,40.64,40.72,40.55,40.64,18900,0.0,0.0,0.0
2024-07-25 00:00:00-04:00,40.43,40.6,40.42,40.46,23100,0.0,0.0,0.0
2024-07-24 00:00:00-04:00,40.73,40.73,40.39,40.39,16400,0.0,0.0,0.0
2024-07-23 00:00:00-04:00,40.52,40.61,40.48,40.5,53200,0.0,0.0,0.0
2024-07-22 00:00:00-04:00,41.11,41.11,40.44,40.51,24300,0.0,0.0,0.0
2024-07-19 00:00:00-04:00,40.36,40.57,40.36,40.52,35100,0.0,0.0,0.0
2024-07-18 00:00:00-04:00,40.7,40.76,40.63,40.66,76700,0.0,0.0,0.0
2024-07-17 00:00:00-04:00,40.55,40.79,40.55,40.7,46300,0.0,0.0,0.0
2024-07-16 00:00:00-04:00,40.61,40.77,40.58,40.73,18100,0.0,0.0,0.0
2024-07-15 00:00:00-04:00,40.58,40.65,40.55,40.62,33700,0.0,0.0,0.0
2024-07-12 00:00:00-04:00,41.64,41.64,40.58,40.67,51500,0.0,0.0,0.0
2024-07-11 00:00:00-04:00,40.4,40.69,40.4,40.64,39700,0.0,0.0,0.0
2024-07-10 00:00:00-04:00,40.27,40.41,40.27,40.41,36000,0.0,0.0,0.0
2024-07-09 00:00:00-04:00,40.45,40.45,40.27,40.3,187500,0.0,0.0,0.0
2024-07-08 00:00:00-04:00,40.36,40.44,40.34,40.34,45900,0.0,0.0,0.0
2024-07-05 00:00:00-04:00,40.28,40.44,40.13,40.34,45100,0.0,0.0,0.0
2024-07-03 00:00:00-04:00,39.91,40.24,39.91,40.13,48400,0.0,0.0,0.0
2024-07-02 00:00:00-04:00,40.56,40.56,39.87,39.91,31300,0.0,0.0,0.0
2024-07-01 00:00:00-04:00,41.16,41.16,39.75,39.88,42000,0.0,0.0,0.0
2024-06-28 00:00:00-04:00,40.44,40.58,40.09,40.16,27100,0.0,0.0,0.0
2024-06-27 00:00:00-04:00,40.28,40.36,40.14,40.23,30000,0.16,0.0,0.0
2024-06-26 00:00:00-04:00,40.13,40.23,40.11,40.19,20300,0.0,0.0,0.0
2024-06-25 00:00:00-04:00,40.07,40.44,40.07,40.33,24600,0.0,0.0,0.0
2024-06-24 00:00:00-04:00,40.24,40.39,40.24,40.27,33000,0.0,0.0,0.0
2024-06-21 00:00:00-04:00,40.95,40.95,40.27,40.33,16600,0.0,0.0,0.0
2024-06-20 00:00:00-04:00,39.91,40.37,39.91,40.37,17900,0.0,0.0,0.0
2024-06-18 00:00:00-04:00,40.22,40.42,40.21,40.39,31800,0.0,0.0,0.0
2024-06-17 00:00:00-04:00,40.38,40.38,40.12,40.27,23100,0.0,0.0,0.0
2024-06-14 00:00:00-04:00,40.34,40.4,40.29,40.36,22700,0.0,0.0,0.0
2024-06-13 00:00:00-04:00,40.22,40.31,40.21,40.28,13800,0.0,0.0,0.0
2024-06-12 00:00:00-04:00,40.21,40.33,40.09,40.12,12300,0.0,0.0,0.0
2024-06-11 00:00:00-04:00,39.81,39.98,39.77,39.97,21900,0.0,0.0,0.0
2024-06-10 00:00:00-04:00,39.88,39.88,39.72,39.81,15000,0.0,0.0,0.0
2024-06-07 00:00:00-04:00,39.94,39.94,39.83,39.88,17300,0.0,0.0,0.0
2024-06-06 00:00:00-04:00,40.14,40.22,40.06,40.17,25100,0.0,0.0,0.0
2024-06-05 00:00:00-04:00,40.09,40.19,39.99,40.15,37300,0.0,0.0,0.0
2024-06-04 00:00:00-04:00,39.97,40.09,39.97,40.05,33100,0.0,0.0,0.0
2024-06-03 00:00:00-04:00,39.77,39.91,39.76,39.88,14300,0.0,0.0,0.0
2024-05-31 00:00:00-04:00,39.63,39.71,39.57,39.69,31100,0.0,0.0,0.0
2024-05-30 00:00:00-04:00,39.43,39.58,39.39,39.51,21200,0.15,0.0,0.0
2024-05-29 00:00:00-04:00,39.47,39.47,39.28,39.35,21000,0.0,0.0,0.0
2024-05-28 00:00:00-04:00,39.71,39.73,39.49,39.53,20700,0.0,0.0,0.0
2024-05-24 00:00:00-04:00,39.52,39.71,39.52,39.68,18100,0.0,0.0,0.0
2024-05-23 00:00:00-04:00,39.76,39.81,39.6,39.64,14700,0.0,0.0,0.0
2024-05-22 00:00:00-04:00,39.6,39.83,39.6,39.8,39800,0.0,0.0,0.0
2024-05-21 00:00:00-04:00,39.81,39.86,39.79,39.81,44700,0.0,0.0,0.0
2024-05-20 00:00:00-04:00,39.88,39.88,39.64,39.76,35600,0.0,0.0,0.0
2024-05-17 00:00:00-04:00,39.86,39.88,39.73,39.75,22100,0.0,0.0,0.0
2024-05-16 00:00:00-04:00,39.78,39.94,39.78,39.86,24200,0.0,0.0,0.0
2024-05-15 00:00:00-04:00,39.85,39.94,39.77,39.94,11900,0.0,0.0,0.0
2024-05-14 00:00:00-04:00,39.76,39.76,39.58,39.64,19100,0.0,0.0,0.0
2024-05-13 00:00:00-04:00,39.58,39.59,39.48,39.51,10600,0.0,0.0,0.0
2024-05-10 00:00:00-04:00,39.73,39.73,39.45,39.53,55500,0.0,0.0,0.0
2024-05-09 00:00:00-04:00,39.4,39.64,39.4,39.58,9000,0.0,0.0,0.0
2024-05-08 00:00:00-04:00,39.38,39.59,39.38,39.53,15500,0.0,0.0,0.0
2024-05-07 00:00:00-04:00,39.57,39.73,39.49,39.58,22500,0.0,0.0,0.0
2024-05-06 00:00:00-04:00,39.55,39.57,39.47,39.57,17700,0.0,0.0,0.0
2024-05-03 00:00:00-04:00,39.55,39.55,39.42,39.47,20600,0.0,0.0,0.0
2024-05-02 00:00:00-04:00,39.11,39.29,39.04,39.26,20200,0.0,0.0,0.0
2024-05-01 00:00:00-04:00,38.98,39.31,38.92,39.11,9000,0.0,0.0,0.0
2024-04-30 00:00:00-04:00,38.69,39.07,38.69,38.93,25600,0.0,0.0,0.0
2024-04-29 00:00:00-04:00,39.0,39.16,39.0,39.11,16800,0.0,0.0,0.0
2024-04-26 00:00:00-04:00,39.2,39.2,38.96,39.02,13300,0.15,0.0,0.0
2024-04-25 00:00:00-04:00,39.01,39.01,38.76,38.97,17500,0.0,0.0,0.0
2024-04-24 00:00:00-04:00,39.04,39.07,38.96,39.04,12700,0.0,0.0,0.0
2024-04-23 00:00:00-04:00,38.98,39.5,38.98,39.19,38400,0.0,0.0,0.0
2024-04-22 00:00:00-04:00,39.04,39.11,38.93,39.08,16900,0.0,0.0,0.0
2024-04-19 00:00:00-04:00,39.03,39.05,38.92,39.0,11500,0.0,0.0,0.0
2024-04-18 00:00:00-04:00,38.99,39.02,38.94,38.96,5900,0.0,0.0,0.0
2024-04-17 00:00:00-04:00,38.94,39.09,38.85,39.04,13200,0.0,0.0,0.0
2024-04-16 00:00:00-04:00,38.7,38.9,38.7,38.88,22500,0.0,0.0,0.0
2024-04-15 00:00:00-04:00,39.06,39.06,38.9,39.01,18000,0.0,0.0,0.0
2024-04-12 00:00:00-04:00,39.07,39.34,39.07,39.25,15100,0.0,0.0,0.0
2024-04-11 00:00:00-04:00,39.17,39.29,39.08,39.2,13900,0.0,0.0,0.0
2024-04-10 00:00:00-04:00,39.57,39.57,39.17,39.18,31700,0.0,0.0,0.0
2024-04-09 00:00:00-04:00,39.46,39.66,39.46,39.65,12700,0.0,0.0,0.0
2024-04-08 00:00:00-04:00,39.26,39.59,39.26,39.49,14400,0.0,0.0,0.0
2024-04-05 00:00:00-04:00,39.72,39.72,39.54,39.59,8300,0.0,0.0,0.0
2024-04-04 00:00:00-04:00,39.73,39.78,39.67,39.72,13500,0.0,0.0,0.0
2024-04-03 00:00:00-04:00,39.59,39.71,39.54,39.67,16400,0.0,0.0,0.0
2024-04-02 00:00:00-04:00,39.63,39.73,39.51,39.64,69200,0.0,0.0,0.0
2024-04-01 00:00:00-04:00,39.74,39.91,39.67,39.67,47500,0.0,0.0,0.0
2024-03-28 00:00:00-04:00,39.92,40.33,39.92,40.0,20100,0.0,0.0,0.0
2024-03-27 00:00:00-04:00,40.19,40.19,39.84,40.02,28300,0.0,0.0,0.0
2024-03-26 00:00:00-04:00,40.04,40.04,39.76,39.91,31400,0.14,0.0,0.0
2024-03-25 00:00:00-04:00,39.9,39.9,39.78,39.83,26000,0.0,0.0,0.0
2024-03-22 00:00:00-04:00,40.06,40.06,39.86,39.9,31400,0.0,0.0,0.0
2024-03-21 00:00:00-04:00,40.1,40.1,39.6,39.77,16900,0.0,0.0,0.0
2024-03-20 00:00:00-04:00,39.69,39.75,39.61,39.75,20100,0.0,0.0,0.0
2024-03-19 00:00:00-04:00,39.85,39.85,39.49,39.66,8500,0.0,0.0,0.0
2024-03-18 00:00:00-04:00,39.48,39.65,39.46,39.5,33500,0.0,0.0,0.0
2024-03-15 00:00:00-04:00,39.68,39.89,39.46,39.65,10500,0.0,0.0,0.0
2024-03-14 00:00:00-04:00,39.75,39.82,39.57,39.65,9400,0.0,0.0,0.0
2024-03-13 00:00:00-04:00,39.8,39.94,39.8,39.84,14800,0.0,0.0,0.0
2024-03-12 00:00:00-04:00,39.97,40.1,39.85,39.94,14600,0.0,0.0,0.0
2024-03-11 00:00:00-04:00,40.11,40.25,40.05,40.12,17700,0.0,0.0,0.0
2024-03-08 00:00:00-05:00,39.98,40.26,39.95,40.04,17600,0.0,0.0,0.0
2024-03-07 00:00:00-05:00,40.22,40.32,39.88,40.15,23100,0.0,0.0,0.0
2024-03-06 00:00:00-05:00,40.03,40.13,39.94,40.12,13000,0.0,0.0,0.0
2024-03-05 00:00:00-05:00,39.65,40.06,39.65,39.95,19300,0.0,0.0,0.0
2024-03-04 00:00:00-05:00,39.96,39.96,39.57,39.78,6900,0.0,0.0,0.0
2024-03-01 00:00:00-05:00,39.46,39.99,39.46,39.95,18600,0.0,0.0,0.0
2024-02-29 00:00:00-05:00,39.45,39.62,39.4,39.4,8500,0.0,0.0,0.0
2024-02-28 00:00:00-05:00,39.65,40.06,39.47,39.6,32900,0.0,0.0,0.0
2024-02-27 00:00:00-05:00,39.59,39.81,39.41,39.61,15500,0.16,0.0,0.0
2024-02-26 00:00:00-05:00,39.46,40.02,39.36,39.66,8100,0.0,0.0,0.0
2024-02-23 00:00:00-05:00,39.35,39.88,39.35,39.57,12400,0.0,0.0,0.0
2024-02-22 00:00:00-05:00,39.34,39.58,39.34,39.58,15100,0.0,0.0,0.0
2024-02-21 00:00:00-05:00,39.62,39.72,39.44,39.45,15000,0.0,0.0,0.0
2024-02-20 00:00:00-05:00,39.9,39.97,39.52,39.81,16800,0.0,0.0,0.0
2024-02-16 00:00:00-05:00,39.52,39.56,39.3,39.5,8500,0.0,0.0,0.0
2024-02-15 00:00:00-05:00,39.64,39.73,39.44,39.7,12400,0.0,0.0,0.0
2024-02-14 00:00:00-05:00,39.26,40.0,39.25,39.44,9700,0.0,0.0,0.0
2024-02-13 00:00:00-05:00,39.52,39.69,39.36,39.37,10700,0.0,0.0,0.0
2024-02-12 00:00:00-05:00,39.59,39.87,39.57,39.81,14400,0.0,0.0,0.0
2024-02-09 00:00:00-05:00,39.66,39.84,39.55,39.76,11200,0.0,0.0,0.0
2024-02-08 00:00:00-05:00,39.95,39.99,39.63,39.73,10600,0.0,0.0,0.0
2024-02-07 00:00:00-05:00,39.88,40.1,39.87,39.91,8400,0.0,0.0,0.0
2024-02-06 00:00:00-05:00,39.8,40.01,39.74,39.99,5000,0.0,0.0,0.0
2024-02-05 00:00:00-05:00,39.82,39.85,39.57,39.73,9000,0.0,0.0,0.0
2024-02-02 00:00:00-05:00,40.4,40.41,39.87,40.1,12800,0.0,0.0,0.0
2024-02-01 00:00:00-05:00,40.23,40.67,40.23,40.5,20200,0.0,0.0,0.0
2024-01-31 00:00:00-05:00,39.98,40.23,39.98,40.1,10500,0.0,0.0,0.0
2024-01-30 00:00:00-05:00,40.08,40.26,39.81,40.24,24500,0.0,0.0,0.0
2024-01-29 00:00:00-05:00,39.97,40.2,39.75,40.16,25600,0.15,0.0,0.0
2024-01-26 00:00:00-05:00,39.7,39.99,39.55,39.99,18500,0.0,0.0,0.0
2024-01-25 00:00:00-05:00,39.7,39.83,39.6,39.81,7500,0.0,0.0,0.0
2024-01-24 00:00:00-05:00,39.75,39.79,39.53,39.56,23700,0.0,0.0,0.0
2024-01-23 00:00:00-05:00,39.76,39.97,39.53,39.68,9400,0.0,0.0,0.0
2024-01-22 00:00:00-05:00,39.84,39.84,39.73,39.78,14100,0.0,0.0,0.0
2024-01-19 00:00:00-05:00,39.99,39.99,39.5,39.62,12000,0.0,0.0,0.0
2024-01-18 00:00:00-05:00,39.79,39.89,39.7,39.7,24700,0.0,0.0,0.0
2024-01-17 00:00:00-05:00,39.8,39.95,39.7,39.75,9800,0.0,0.0,0.0
2024-01-16 00:00:00-05:00,40.28,40.33,39.79,39.89,11400,0.0,0.0,0.0
2024-01-12 00:00:00-05:00,40.19,40.33,40.01,40.16,5000,0.0,0.0,0.0
2024-01-11 00:00:00-05:00,39.95,40.09,39.79,40.02,9000,0.0,0.0,0.0
2024-01-10 00:00:00-05:00,39.91,40.12,39.83,39.96,8000,0.0,0.0,0.0
2024-01-09 00:00:00-05:00,40.0,40.19,39.91,39.96,18700,0.0,0.0,0.0
2024-01-08 00:00:00-05:00,39.79,40.12,39.79,40.01,8100,0.0,0.0,0.0
2024-01-05 00:00:00-05:00,39.82,40.04,39.75,39.8,14200,0.0,0.0,0.0
2024-01-04 00:00:00-05:00,40.45,40.45,39.83,39.9,31500,0.0,0.0,0.0
2024-01-03 00:00:00-05:00,39.98,40.34,39.95,40.18,15100,0.0,0.0,0.0
2024-01-02 00:00:00-05:00,40.25,40.33,39.98,40.25,9500,0.0,0.0,0.0
2023-12-29 00:00:00-05:00,40.43,40.43,40.11,40.3,12700,0.0,0.0,0.0
2023-12-28 00:00:00-05:00,40.58,40.58,40.31,40.37,11100,0.0,0.0,0.0
2023-12-27 00:00:00-05:00,40.57,40.58,40.27,40.58,12300,0.15,0.0,0.0
2023-12-26 00:00:00-05:00,40.29,40.29,40.04,40.25,8000,0.0,0.0,0.0
2023-12-22 00:00:00-05:00,40.32,40.32,40.04,40.2,14400,0.0,0.0,0.0
2023-12-21 00:00:00-05:00,40.16,40.36,40.07,40.23,17900,0.0,0.0,0.0
2023-12-20 00:00:00-05:00,39.98,40.24,39.97,40.19,7800,0.0,0.0,0.0
2023-12-19 00:00:00-05:00,40.03,40.37,39.95,40.17,17000,0.0,0.0,0.0
2023-12-18 00:00:00-05:00,40.01,40.61,39.78,40.18,16800,0.0,0.0,0.0
2023-12-15 00:00:00-05:00,40.28,40.43,39.9,40.14,30300,0.0,0.0,0.0
2023-12-14 00:00:00-05:00,40.15,40.61,39.81,40.33,20200,0.0,0.0,0.0
2023-12-13 00:00:00-05:00,39.24,39.75,39.22,39.68,15700,0.0,0.0,0.0
2023-12-12 00:00:00-05:00,39.3,39.57,39.0,39.41,19700,0.0,0.0,0.0
2023-12-11 00:00:00-05:00,38.99,39.32,38.99,39.05,14500,0.0,0.0,0.0
2023-12-08 00:00:00-05:00,39.15,39.36,38.94,39.29,12800,0.0,0.0,0.0
2023-12-07 00:00:00-05:00,39.2,39.4,39.2,39.32,9400,0.0,0.0,0.0
2023-12-06 00:00:00-05:00,39.61,39.61,39.1,39.39,17700,0.0,0.0,0.0
2023-12-05 00:00:00-05:00,39.14,39.48,39.06,39.27,14800,0.0,0.0,0.0
2023-12-04 00:00:00-05:00,38.98,39.1,38.82,38.99,7900,0.0,0.0,0.0
2023-12-01 00:00:00-05:00,38.77,39.43,38.7,39.19,14000,0.0,0.0,0.0
2023-11-30 00:00:00-05:00,38.59,38.83,38.54,38.83,6900,0.0,0.0,0.0
2023-11-29 00:00:00-05:00,38.72,39.13,38.72,38.96,9800,0.0,0.0,0.0
2023-11-28 00:00:00-05:00,38.51,38.7,38.51,38.69,4900,0.15,0.0,0.0
2023-11-27 00:00:00-05:00,38.72,38.72,38.35,38.62,27900,0.0,0.0,0.0
2023-11-24 00:00:00-05:00,38.72,38.72,38.31,38.41,2800,0.0,0.0,0.0
2023-11-22 00:00:00-05:00,38.47,38.56,38.37,38.49,8100,0.0,0.0,0.0
