Date,Close,Dividends,High,Low,Open,Volume,Stock Splits,Capital Gains
2025-12-04 00:00:00-05:00,39.51,0.0,39.98,39.38,39.98,3970904,0.0,0.0
2025-12-03 00:00:00-05:00,40.13,0.0,40.28,39.74,39.97,5820900,0.0,0.0
2025-12-02 00:00:00-05:00,39.86,0.0,40.03,39.38,39.57,4660000,0.0,0.0
2025-12-01 00:00:00-05:00,39.78,0.0,40.1,39.73,39.89,7094100,0.0,0.0
2025-11-28 00:00:00-05:00,41.3,0.0,41.77,41.01,41.68,4224900,0.0,0.0
2025-11-26 00:00:00-05:00,41.95,0.0,41.97,40.88,41.32,4011700,0.0,0.0
2025-11-25 00:00:00-05:00,41.41,0.0,41.92,41.3,41.54,4962500,0.0,0.0
2025-11-24 00:00:00-05:00,41.13,0.0,41.23,40.84,41.03,3924300,0.0,0.0
2025-11-21 00:00:00-05:00,40.44,0.0,40.7,40.06,40.66,5950900,0.0,0.0
2025-11-20 00:00:00-05:00,40.18,0.0,40.39,39.81,39.84,5491400,0.0,0.0
2025-11-19 00:00:00-05:00,39.74,0.0,40.28,39.67,40.14,4445800,0.0,0.0
2025-11-18 00:00:00-05:00,39.92,0.0,40.45,39.6,40.35,7978800,0.0,0.0
2025-11-17 00:00:00-05:00,40.04,0.0,40.28,39.85,40.0,3309300,0.0,0.0
2025-11-14 00:00:00-05:00,39.72,0.0,41.02,39.71,40.93,6696800,0.0,0.0
2025-11-13 00:00:00-05:00,40.44,0.0,41.2,40.44,41.04,4680800,0.0,0.0
2025-11-12 00:00:00-05:00,41.48,0.0,41.74,41.14,41.25,3391100,0.0,0.0
2025-11-11 00:00:00-05:00,41.23,0.0,41.4,41.01,41.25,2971500,0.0,0.0
2025-11-10 00:00:00-05:00,40.65,0.0,40.87,40.5,40.65,3511600,0.0,0.0
2025-11-07 00:00:00-05:00,40.73,0.0,41.16,40.46,40.46,4988700,0.0,0.0
2025-11-06 00:00:00-05:00,41.03,0.0,41.17,40.75,40.77,5559000,0.0,0.0
2025-11-05 00:00:00-05:00,39.94,0.0,40.79,39.9,40.73,7797400,0.0,0.0
2025-11-04 00:00:00-05:00,41.36,0.0,41.52,41.07,41.16,3549900,0.0,0.0
2025-11-03 00:00:00-05:00,41.06,0.0,41.2,40.66,40.94,4738200,0.0,0.0
2025-10-31 00:00:00-04:00,41.41,0.0,41.92,41.32,41.78,4180900,0.0,0.0
2025-10-30 00:00:00-04:00,41.86,0.0,42.4,41.54,41.59,7061400,0.0,0.0
2025-10-29 00:00:00-04:00,42.57,0.0,43.72,42.47,43.67,5672400,0.0,0.0
2025-10-28 00:00:00-04:00,43.87,0.0,44.13,43.62,43.67,3334400,0.0,0.0
2025-10-27 00:00:00-04:00,43.54,0.0,43.61,42.63,42.95,4591100,0.0,0.0
2025-10-24 00:00:00-04:00,43.14,0.0,43.35,42.7,43.34,4971900,0.0,0.0
2025-10-23 00:00:00-04:00,43.16,0.0,43.66,42.95,43.43,4676300,0.0,0.0
2025-10-22 00:00:00-04:00,44.14,0.0,44.22,43.73,43.97,4457500,0.0,0.0
2025-10-21 00:00:00-04:00,44.0,0.0,44.24,43.87,43.97,4932900,0.0,0.0
2025-10-20 00:00:00-04:00,43.34,0.0,43.37,42.98,43.22,3835300,0.0,0.0
2025-10-17 00:00:00-04:00,42.88,0.0,42.99,42.47,42.96,5420600,0.0,0.0
2025-10-16 00:00:00-04:00,43.11,0.0,43.33,41.89,42.0,5959700,0.0,0.0
2025-10-15 00:00:00-04:00,42.2,0.0,43.07,41.93,42.61,5079100,0.0,0.0
2025-10-14 00:00:00-04:00,42.46,0.0,42.55,41.88,42.22,5866100,0.0,0.0
2025-10-13 00:00:00-04:00,42.08,0.0,42.09,41.11,41.65,6163400,0.0,0.0
2025-10-10 00:00:00-04:00,42.09,0.0,42.29,41.19,41.3,9767100,0.0,0.0
2025-10-09 00:00:00-04:00,40.29,0.0,40.41,40.02,40.22,5420700,0.0,0.0
2025-10-08 00:00:00-04:00,40.33,0.0,40.85,40.21,40.84,4484500,0.0,0.0
2025-10-07 00:00:00-04:00,40.25,0.0,40.55,39.79,39.99,4565600,0.0,0.0
2025-10-06 00:00:00-04:00,39.63,0.0,40.27,39.59,39.7,6331300,0.0,0.0
2025-10-03 00:00:00-04:00,40.51,0.0,41.1,40.44,40.93,3686000,0.0,0.0
2025-10-02 00:00:00-04:00,40.81,0.0,41.03,40.37,40.53,4850100,0.0,0.0
2025-10-01 00:00:00-04:00,40.5,0.0,40.99,40.24,40.78,6113200,0.0,0.0
2025-09-30 00:00:00-04:00,40.18,0.0,41.12,40.01,40.61,6383700,0.0,0.0
2025-09-29 00:00:00-04:00,40.54,0.0,40.71,40.08,40.14,5131900,0.0,0.0
2025-09-26 00:00:00-04:00,39.58,0.0,40.38,39.34,39.76,4721200,0.0,0.0
2025-09-25 00:00:00-04:00,39.76,0.0,39.82,39.08,39.6,5942700,0.0,0.0
2025-09-24 00:00:00-04:00,39.75,0.0,40.01,39.41,39.92,4710900,0.0,0.0
2025-09-23 00:00:00-04:00,40.22,0.405,40.28,39.48,39.77,4788000,0.0,0.0
2025-09-22 00:00:00-04:00,39.43,0.0,39.7,39.22,39.57,6591700,0.0,0.0
2025-09-19 00:00:00-04:00,39.9,0.0,40.14,39.56,39.94,7441600,0.0,0.0
2025-09-18 00:00:00-04:00,40.16,0.0,40.5,39.72,40.21,9878200,0.0,0.0
2025-09-17 00:00:00-04:00,41.4,0.0,42.66,41.07,42.21,9805000,0.0,0.0
2025-09-16 00:00:00-04:00,41.72,0.0,41.94,41.32,41.38,6608300,0.0,0.0
2025-09-15 00:00:00-04:00,41.51,0.0,41.9,41.37,41.48,4115600,0.0,0.0
2025-09-12 00:00:00-04:00,41.23,0.0,41.27,40.61,41.05,5419100,0.0,0.0
2025-09-11 00:00:00-04:00,41.73,0.0,41.98,41.21,41.21,9265000,0.0,0.0
2025-09-10 00:00:00-04:00,41.01,0.0,41.42,40.26,40.54,6965900,0.0,0.0
2025-09-09 00:00:00-04:00,40.28,0.0,40.75,40.0,40.58,7658600,0.0,0.0
2025-09-08 00:00:00-04:00,40.96,0.0,41.04,40.2,40.27,11374900,0.0,0.0
2025-09-05 00:00:00-04:00,39.43,0.0,39.5,38.91,39.02,14302100,0.0,0.0
2025-09-04 00:00:00-04:00,37.71,0.0,37.76,36.94,37.49,7546300,0.0,0.0
2025-09-03 00:00:00-04:00,36.9,0.0,37.24,36.11,36.15,9657500,0.0,0.0
2025-09-02 00:00:00-04:00,35.79,0.0,36.04,35.6,35.77,10175700,0.0,0.0
2025-08-29 00:00:00-04:00,36.55,0.0,36.94,36.42,36.82,8469900,0.0,0.0
2025-08-28 00:00:00-04:00,37.43,0.0,37.49,36.72,36.88,7191600,0.0,0.0
2025-08-27 00:00:00-04:00,36.68,0.0,36.75,35.93,36.1,10083500,0.0,0.0
2025-08-26 00:00:00-04:00,36.83,0.0,36.91,36.22,36.57,8288200,0.0,0.0
2025-08-25 00:00:00-04:00,36.96,0.0,37.26,36.77,36.87,5626500,0.0,0.0
2025-08-22 00:00:00-04:00,37.25,0.0,37.59,36.85,37.0,11096200,0.0,0.0
2025-08-21 00:00:00-04:00,36.5,0.0,36.84,36.12,36.67,7153600,0.0,0.0
2025-08-20 00:00:00-04:00,37.05,0.0,37.21,36.71,36.73,5444800,0.0,0.0
2025-08-19 00:00:00-04:00,36.85,0.0,36.97,36.58,36.59,5211800,0.0,0.0
2025-08-18 00:00:00-04:00,36.23,0.0,36.72,36.03,36.65,5786600,0.0,0.0
2025-08-15 00:00:00-04:00,36.54,0.0,37.05,36.37,36.88,7123200,0.0,0.0
2025-08-14 00:00:00-04:00,37.34,0.0,38.02,37.22,38.0,7343200,0.0,0.0
2025-08-13 00:00:00-04:00,38.29,0.0,38.43,37.94,37.96,5584300,0.0,0.0
2025-08-12 00:00:00-04:00,37.33,0.0,37.37,36.82,37.28,9197900,0.0,0.0
2025-08-11 00:00:00-04:00,37.89,0.0,38.28,37.77,38.11,3916300,0.0,0.0
2025-08-08 00:00:00-04:00,37.81,0.0,37.94,37.63,37.89,5667100,0.0,0.0
2025-08-07 00:00:00-04:00,38.39,0.0,39.1,38.25,38.64,6331800,0.0,0.0
2025-08-06 00:00:00-04:00,38.5,0.0,38.84,37.36,38.57,9319300,0.0,0.0
2025-08-05 00:00:00-04:00,39.19,0.0,39.38,38.5,38.6,5937300,0.0,0.0
2025-08-04 00:00:00-04:00,38.8,0.0,38.98,38.34,38.77,10666700,0.0,0.0
2025-08-01 00:00:00-04:00,38.59,0.0,38.71,38.17,38.24,15434500,0.0,0.0
2025-07-31 00:00:00-04:00,37.04,0.0,37.64,36.95,37.31,7758800,0.0,0.0
2025-07-30 00:00:00-04:00,36.84,0.0,37.1,36.58,36.84,7103100,0.0,0.0
2025-07-29 00:00:00-04:00,37.58,0.0,37.58,36.18,36.22,9336100,0.0,0.0
2025-07-28 00:00:00-04:00,35.82,0.0,36.21,35.73,35.91,5831700,0.0,0.0
2025-07-25 00:00:00-04:00,36.49,0.0,36.5,35.62,35.72,5181700,0.0,0.0
2025-07-24 00:00:00-04:00,35.86,0.0,36.3,35.4,35.44,5982400,0.0,0.0
2025-07-23 00:00:00-04:00,36.04,0.0,36.28,35.75,36.08,6205400,0.0,0.0
2025-07-22 00:00:00-04:00,36.64,0.0,36.97,36.17,36.25,6147100,0.0,0.0
2025-07-21 00:00:00-04:00,36.03,0.0,36.65,35.98,36.3,8038900,0.0,0.0
2025-07-18 00:00:00-04:00,35.11,0.0,35.38,34.95,35.35,5194400,0.0,0.0
2025-07-17 00:00:00-04:00,35.01,0.0,35.45,34.84,35.12,6765800,0.0,0.0
2025-07-16 00:00:00-04:00,34.99,0.0,35.66,33.89,35.21,16843500,0.0,0.0
2025-07-15 00:00:00-04:00,34.9,0.0,36.02,34.76,36.0,11431500,0.0,0.0
2025-07-14 00:00:00-04:00,35.7,0.0,35.98,35.29,35.55,7201200,0.0,0.0
2025-07-11 00:00:00-04:00,35.85,0.0,36.5,35.7,36.46,9022900,0.0,0.0
2025-07-10 00:00:00-04:00,37.44,0.0,37.53,36.81,37.25,6853400,0.0,0.0
2025-07-09 00:00:00-04:00,37.36,0.0,37.38,36.45,36.45,6689000,0.0,0.0
2025-07-08 00:00:00-04:00,36.29,0.0,36.29,35.53,35.7,8560500,0.0,0.0
2025-07-07 00:00:00-04:00,36.43,0.0,36.97,36.16,36.97,8954200,0.0,0.0
2025-07-03 00:00:00-04:00,37.58,0.0,37.94,37.38,37.74,9240400,0.0,0.0
2025-07-02 00:00:00-04:00,38.33,0.0,38.37,37.73,37.86,8890600,0.0,0.0
2025-07-01 00:00:00-04:00,39.07,0.0,39.35,38.5,39.12,11618700,0.0,0.0
2025-06-30 00:00:00-04:00,38.84,0.0,39.06,38.01,38.31,11999600,0.0,0.0
2025-06-27 00:00:00-04:00,37.73,0.0,38.73,37.53,37.97,9468300,0.0,0.0
2025-06-26 00:00:00-04:00,38.44,0.0,38.45,37.53,38.02,8292500,0.0,0.0
2025-06-25 00:00:00-04:00,37.9,0.0,37.93,37.02,37.43,8376500,0.0,0.0
2025-06-24 00:00:00-04:00,37.82,0.362,38.04,36.57,36.6,10461100,0.0,0.0
2025-06-23 00:00:00-04:00,37.05,0.0,37.86,37.02,37.25,10149900,0.0,0.0
2025-06-20 00:00:00-04:00,36.64,0.0,37.04,35.98,36.22,7753000,0.0,0.0
2025-06-18 00:00:00-04:00,36.84,0.0,37.46,36.53,37.2,8122100,0.0,0.0
2025-06-17 00:00:00-04:00,36.76,0.0,36.94,35.81,36.12,7603000,0.0,0.0
2025-06-16 00:00:00-04:00,35.52,0.0,36.67,35.49,36.24,7468200,0.0,0.0
2025-06-13 00:00:00-04:00,36.47,0.0,37.28,35.85,37.09,10104800,0.0,0.0
2025-06-12 00:00:00-04:00,37.67,0.0,37.7,36.97,37.37,8719200,0.0,0.0
2025-06-11 00:00:00-04:00,36.37,0.0,36.71,35.86,36.0,9044500,0.0,0.0
2025-06-10 00:00:00-04:00,36.04,0.0,36.45,35.64,36.36,5189400,0.0,0.0
2025-06-09 00:00:00-04:00,35.57,0.0,35.8,35.06,35.06,5765200,0.0,0.0
2025-06-06 00:00:00-04:00,35.47,0.0,36.17,35.37,35.99,9804900,0.0,0.0
2025-06-05 00:00:00-04:00,36.87,0.0,37.49,36.61,37.18,10003200,0.0,0.0
2025-06-04 00:00:00-04:00,36.82,0.0,37.13,35.89,36.06,11278800,0.0,0.0
2025-06-03 00:00:00-04:00,35.15,0.0,36.03,34.98,35.68,6993300,0.0,0.0
2025-06-02 00:00:00-04:00,35.28,0.0,35.72,34.86,35.5,7387500,0.0,0.0
2025-05-30 00:00:00-04:00,36.21,0.0,36.58,35.85,36.12,9310300,0.0,0.0
2025-05-29 00:00:00-04:00,36.21,0.0,36.34,35.59,35.74,10305900,0.0,0.0
2025-05-28 00:00:00-04:00,35.22,0.0,35.47,34.77,35.29,7915500,0.0,0.0
2025-05-27 00:00:00-04:00,35.8,0.0,36.07,35.03,35.25,11699000,0.0,0.0
2025-05-23 00:00:00-04:00,34.3,0.0,34.62,34.01,34.57,11509500,0.0,0.0
2025-05-22 00:00:00-04:00,34.19,0.0,34.19,32.85,33.13,16592300,0.0,0.0
2025-05-21 00:00:00-04:00,33.7,0.0,35.02,33.43,34.57,21648900,0.0,0.0
2025-05-20 00:00:00-04:00,35.48,0.0,35.71,35.03,35.49,11185500,0.0,0.0
2025-05-19 00:00:00-04:00,36.3,0.0,36.37,34.73,34.87,15145800,0.0,0.0
2025-05-16 00:00:00-04:00,36.66,0.0,37.37,36.48,37.34,10676400,0.0,0.0
2025-05-15 00:00:00-04:00,36.36,0.0,36.67,35.64,35.82,12452700,0.0,0.0
2025-05-14 00:00:00-04:00,35.49,0.0,36.14,35.3,36.02,13234700,0.0,0.0
2025-05-13 00:00:00-04:00,36.18,0.0,36.67,35.69,36.48,15567400,0.0,0.0
2025-05-12 00:00:00-04:00,36.69,0.0,37.32,36.58,36.78,10749900,0.0,0.0
2025-05-09 00:00:00-04:00,37.7,0.0,38.02,37.53,37.63,4682300,0.0,0.0
2025-05-08 00:00:00-04:00,37.59,0.0,39.06,37.54,38.98,7185600,0.0,0.0
2025-05-07 00:00:00-04:00,38.83,0.0,39.25,38.75,38.89,6051900,0.0,0.0
2025-05-06 00:00:00-04:00,38.31,0.0,38.38,37.23,37.44,5993400,0.0,0.0
2025-05-05 00:00:00-04:00,38.0,0.0,38.24,37.49,38.16,5706900,0.0,0.0
2025-05-02 00:00:00-04:00,38.76,0.0,39.15,38.44,38.66,9091300,0.0,0.0
2025-05-01 00:00:00-04:00,39.98,0.0,40.82,39.49,40.8,8499900,0.0,0.0
2025-04-30 00:00:00-04:00,40.78,0.0,41.43,40.45,41.1,9852100,0.0,0.0
2025-04-29 00:00:00-04:00,41.6,0.0,41.65,40.43,40.46,4540400,0.0,0.0
2025-04-28 00:00:00-04:00,40.63,0.0,40.74,39.54,39.6,4443500,0.0,0.0
2025-04-25 00:00:00-04:00,39.81,0.0,40.19,39.53,39.95,5539200,0.0,0.0
2025-04-24 00:00:00-04:00,39.07,0.0,39.21,38.47,38.8,4863000,0.0,0.0
2025-04-23 00:00:00-04:00,37.98,0.0,40.13,37.71,39.92,10360600,0.0,0.0
2025-04-22 00:00:00-04:00,36.92,0.0,37.54,36.74,37.3,5646200,0.0,0.0
2025-04-21 00:00:00-04:00,36.33,0.0,37.66,36.24,37.1,7827100,0.0,0.0
2025-04-17 00:00:00-04:00,38.33,0.0,39.17,37.88,38.99,8177300,0.0,0.0
2025-04-16 00:00:00-04:00,39.4,0.0,39.61,38.25,38.69,7940500,0.0,0.0
2025-04-15 00:00:00-04:00,38.71,0.0,39.19,37.69,37.87,7937600,0.0,0.0
2025-04-14 00:00:00-04:00,38.31,0.0,38.61,37.46,38.22,10586900,0.0,0.0
2025-04-11 00:00:00-04:00,37.56,0.0,38.07,35.17,36.23,23849200,0.0,0.0
2025-04-10 00:00:00-04:00,37.03,0.0,39.37,36.9,38.78,17198400,0.0,0.0
2025-04-09 00:00:00-04:00,40.37,0.0,40.37,36.33,38.13,33110100,0.0,0.0
2025-04-08 00:00:00-04:00,39.62,0.0,42.23,39.46,40.97,18090000,0.0,0.0
2025-04-07 00:00:00-04:00,42.01,0.0,45.22,41.66,44.7,21105800,0.0,0.0
2025-04-04 00:00:00-04:00,46.25,0.0,48.02,46.2,47.35,18088600,0.0,0.0
2025-04-03 00:00:00-04:00,44.8,0.0,46.06,44.8,45.76,11238900,0.0,0.0
2025-04-02 00:00:00-04:00,44.16,0.0,45.56,43.11,45.56,7638100,0.0,0.0
2025-04-01 00:00:00-04:00,44.25,0.0,44.88,43.91,43.93,7170900,0.0,0.0
2025-03-31 00:00:00-04:00,43.14,0.0,43.61,42.27,43.49,6369600,0.0,0.0
2025-03-28 00:00:00-04:00,41.96,0.0,42.23,41.52,41.62,6629800,0.0,0.0
2025-03-27 00:00:00-04:00,40.38,0.0,40.49,39.96,40.21,4930200,0.0,0.0
2025-03-26 00:00:00-04:00,40.76,0.0,41.28,40.61,41.02,5924800,0.0,0.0
2025-03-25 00:00:00-04:00,41.57,0.288,42.01,41.2,41.27,4967200,0.0,0.0
2025-03-24 00:00:00-04:00,41.57,0.0,42.28,41.48,42.2,6019800,0.0,0.0
2025-03-21 00:00:00-04:00,42.92,0.0,43.95,42.8,43.81,5022300,0.0,0.0
2025-03-20 00:00:00-04:00,43.78,0.0,45.15,43.59,45.09,6176100,0.0,0.0
2025-03-19 00:00:00-04:00,43.63,0.0,43.69,42.52,42.91,5053700,0.0,0.0
2025-03-18 00:00:00-04:00,43.04,0.0,43.45,42.14,42.18,4099700,0.0,0.0
2025-03-17 00:00:00-04:00,42.85,0.0,43.67,42.55,43.12,5041600,0.0,0.0
2025-03-14 00:00:00-04:00,42.24,0.0,42.6,41.81,42.05,4664400,0.0,0.0
2025-03-13 00:00:00-04:00,42.94,0.0,43.05,41.21,41.48,6302300,0.0,0.0
2025-03-12 00:00:00-04:00,41.89,0.0,42.61,41.77,42.09,6129200,0.0,0.0
2025-03-11 00:00:00-04:00,42.68,0.0,44.22,42.28,43.49,6670000,0.0,0.0
2025-03-10 00:00:00-04:00,43.64,0.0,44.42,43.41,43.64,7269000,0.0,0.0
2025-03-07 00:00:00-05:00,42.31,0.0,43.8,42.13,43.75,8427700,0.0,0.0
2025-03-06 00:00:00-05:00,42.76,0.0,43.31,41.82,42.86,8423700,0.0,0.0
2025-03-05 00:00:00-05:00,43.23,0.0,44.8,43.07,44.43,8379700,0.0,0.0
2025-03-04 00:00:00-05:00,44.3,0.0,46.28,44.02,45.74,9532700,0.0,0.0
2025-03-03 00:00:00-05:00,45.99,0.0,46.16,44.22,44.3,6649000,0.0,0.0
2025-02-28 00:00:00-05:00,45.36,0.0,45.38,43.96,44.53,6703000,0.0,0.0
2025-02-27 00:00:00-05:00,43.81,0.0,44.47,43.55,43.76,6402100,0.0,0.0
2025-02-26 00:00:00-05:00,44.68,0.0,44.87,43.64,43.96,6344900,0.0,0.0
2025-02-25 00:00:00-05:00,43.94,0.0,44.07,43.12,43.33,7673300,0.0,0.0
2025-02-24 00:00:00-05:00,41.81,0.0,42.1,40.98,40.99,5582000,0.0,0.0
2025-02-21 00:00:00-05:00,41.49,0.0,41.9,40.42,40.49,5880400,0.0,0.0
2025-02-20 00:00:00-05:00,39.99,0.0,40.36,39.95,39.96,3603700,0.0,0.0
2025-02-19 00:00:00-05:00,39.68,0.0,39.97,39.21,39.32,3783100,0.0,0.0
2025-02-18 00:00:00-05:00,39.53,0.0,40.54,39.44,40.12,4789400,0.0,0.0
2025-02-14 00:00:00-05:00,40.98,0.0,41.68,40.94,41.28,4599500,0.0,0.0
2025-02-13 00:00:00-05:00,40.32,0.0,40.65,39.56,39.6,5678800,0.0,0.0
2025-02-12 00:00:00-05:00,38.5,0.0,38.96,37.99,38.55,9445100,0.0,0.0
2025-02-11 00:00:00-05:00,40.13,0.0,40.46,40.04,40.26,4185200,0.0,0.0
2025-02-10 00:00:00-05:00,40.9,0.0,41.65,40.69,41.26,4232300,0.0,0.0
2025-02-07 00:00:00-05:00,41.31,0.0,41.56,40.84,41.26,6607400,0.0,0.0
2025-02-06 00:00:00-05:00,42.23,0.0,42.58,41.73,42.18,4936500,0.0,0.0
2025-02-05 00:00:00-05:00,42.18,0.0,42.6,41.54,41.61,8170800,0.0,0.0
2025-02-04 00:00:00-05:00,40.21,0.0,40.26,38.95,39.04,5193300,0.0,0.0
2025-02-03 00:00:00-05:00,39.87,0.0,41.15,39.43,40.41,11463900,0.0,0.0
2025-01-31 00:00:00-05:00,38.85,0.0,40.19,38.52,39.83,5983400,0.0,0.0
2025-01-30 00:00:00-05:00,39.78,0.0,40.27,39.55,39.87,4747600,0.0,0.0
2025-01-29 00:00:00-05:00,39.31,0.0,40.15,38.81,39.91,5420700,0.0,0.0
2025-01-28 00:00:00-05:00,39.54,0.0,39.6,38.87,39.12,3946900,0.0,0.0
2025-01-27 00:00:00-05:00,39.74,0.0,39.92,39.17,39.55,7536200,0.0,0.0
2025-01-24 00:00:00-05:00,38.31,0.0,38.43,37.55,37.71,5002000,0.0,0.0
2025-01-23 00:00:00-05:00,37.91,0.0,38.09,37.49,37.63,5821500,0.0,0.0
2025-01-22 00:00:00-05:00,38.8,0.0,39.41,38.54,39.28,4764200,0.0,0.0
2025-01-21 00:00:00-05:00,39.39,0.0,39.69,38.97,39.32,6555300,0.0,0.0
2025-01-17 00:00:00-05:00,38.35,0.0,38.79,38.22,38.74,5787300,0.0,0.0
2025-01-16 00:00:00-05:00,38.26,0.0,38.72,37.27,37.78,7889800,0.0,0.0
2025-01-15 00:00:00-05:00,37.85,0.0,38.17,37.44,37.84,9064200,0.0,0.0
2025-01-14 00:00:00-05:00,36.01,0.0,36.14,35.55,35.97,9288100,0.0,0.0
2025-01-13 00:00:00-05:00,36.12,0.0,36.52,35.76,36.39,7931600,0.0,0.0
2025-01-10 00:00:00-05:00,36.32,0.0,36.79,35.9,36.07,11586100,0.0,0.0
2025-01-08 00:00:00-05:00,37.09,0.0,37.28,36.18,36.34,11708300,0.0,0.0
2025-01-07 00:00:00-05:00,36.98,0.0,38.07,36.79,37.86,11190600,0.0,0.0
2025-01-06 00:00:00-05:00,38.34,0.0,38.7,37.96,38.48,8484400,0.0,0.0
2025-01-03 00:00:00-05:00,38.78,0.0,39.58,38.66,39.38,6881600,0.0,0.0
2025-01-02 00:00:00-05:00,39.2,0.0,39.95,38.73,39.49,6816100,0.0,0.0
2024-12-31 00:00:00-05:00,38.92,0.0,40.19,38.83,39.93,6903800,0.0,0.0
2024-12-30 00:00:00-05:00,39.58,0.0,39.87,39.39,39.6,7708600,0.0,0.0
2024-12-27 00:00:00-05:00,38.67,0.0,39.56,38.61,39.15,8141000,0.0,0.0
2024-12-26 00:00:00-05:00,39.62,0.0,39.82,38.79,38.81,8226500,0.0,0.0
2024-12-24 00:00:00-05:00,39.71,0.0,39.75,38.54,38.6,8384800,0.0,0.0
2024-12-23 00:00:00-05:00,39.27,0.524,40.27,39.17,40.18,9413400,0.0,0.0
2024-12-20 00:00:00-05:00,40.41,0.0,41.2,40.36,40.71,7720300,0.0,0.0
2024-12-19 00:00:00-05:00,39.78,0.0,40.54,39.33,40.14,17940300,0.0,0.0
2024-12-18 00:00:00-05:00,41.7,0.0,43.38,41.65,42.88,11751900,0.0,0.0
2024-12-17 00:00:00-05:00,43.3,0.0,43.79,43.03,43.1,6632400,0.0,0.0
2024-12-16 00:00:00-05:00,42.95,0.0,43.26,42.47,43.16,7127300,0.0,0.0
2024-12-13 00:00:00-05:00,42.83,0.0,43.64,42.54,43.55,8637800,0.0,0.0
2024-12-12 00:00:00-05:00,43.99,0.0,45.04,43.9,44.84,8909100,0.0,0.0
2024-12-11 00:00:00-05:00,45.68,0.0,47.33,45.54,46.97,7741600,0.0,0.0
2024-12-10 00:00:00-05:00,47.0,0.0,47.36,46.75,46.94,4632900,0.0,0.0
2024-12-09 00:00:00-05:00,47.8,0.0,48.53,47.63,48.43,5366000,0.0,0.0
2024-12-06 00:00:00-05:00,49.01,0.0,49.81,48.53,49.57,5613700,0.0,0.0
2024-12-05 00:00:00-05:00,48.91,0.0,49.14,47.99,48.08,5647300,0.0,0.0
2024-12-04 00:00:00-05:00,48.63,0.0,48.83,46.33,46.47,7490100,0.0,0.0
2024-12-03 00:00:00-05:00,47.18,0.0,48.64,47.03,48.45,6954900,0.0,0.0
2024-12-02 00:00:00-05:00,48.38,0.0,48.83,47.09,47.45,10137000,0.0,0.0
2024-11-29 00:00:00-05:00,47.88,0.0,48.08,47.29,47.77,5684700,0.0,0.0
2024-11-27 00:00:00-05:00,46.75,0.0,47.23,46.18,46.74,8516500,0.0,0.0
2024-11-26 00:00:00-05:00,45.81,0.0,45.87,44.93,45.46,6492200,0.0,0.0
2024-11-25 00:00:00-05:00,46.25,0.0,46.39,45.26,45.56,12330800,0.0,0.0
2024-11-22 00:00:00-05:00,42.99,0.0,43.43,42.66,43.19,6997600,0.0,0.0
2024-11-21 00:00:00-05:00,42.9,0.0,43.69,42.47,43.1,8259200,0.0,0.0
2024-11-20 00:00:00-05:00,43.12,0.0,43.68,42.66,42.69,8437600,0.0,0.0
2024-11-19 00:00:00-05:00,43.51,0.0,44.03,43.41,43.69,8115400,0.0,0.0
2024-11-18 00:00:00-05:00,42.85,0.0,43.36,41.72,42.06,13071200,0.0,0.0
2024-11-15 00:00:00-05:00,42.68,0.0,43.45,41.85,42.42,15451400,0.0,0.0
2024-11-14 00:00:00-05:00,43.09,0.0,44.03,42.96,43.37,12241500,0.0,0.0
2024-11-13 00:00:00-05:00,42.41,0.0,44.84,42.22,44.82,17144500,0.0,0.0
2024-11-12 00:00:00-05:00,43.59,0.0,45.32,43.36,44.61,15904000,0.0,0.0
2024-11-11 00:00:00-05:00,45.68,0.0,46.02,45.03,45.96,9841000,0.0,0.0
2024-11-08 00:00:00-05:00,46.31,0.0,46.49,45.4,45.63,17244400,0.0,0.0
2024-11-07 00:00:00-05:00,44.66,0.0,45.1,43.71,43.87,14778400,0.0,0.0
2024-11-06 00:00:00-05:00,43.17,0.0,43.86,42.12,42.22,29791000,0.0,0.0
2024-11-05 00:00:00-05:00,46.93,0.0,47.19,45.24,45.92,14765900,0.0,0.0
2024-11-04 00:00:00-05:00,46.2,0.0,46.69,45.33,46.28,14393200,0.0,0.0
2024-11-01 00:00:00-04:00,44.23,0.0,46.7,44.14,46.3,20529300,0.0,0.0
2024-10-31 00:00:00-04:00,46.19,0.0,46.92,45.33,45.84,14153800,0.0,0.0
2024-10-30 00:00:00-04:00,45.98,0.0,47.45,45.77,46.8,13460900,0.0,0.0
2024-10-29 00:00:00-04:00,45.57,0.0,45.63,44.04,44.34,14466200,0.0,0.0
2024-10-28 00:00:00-04:00,45.44,0.0,45.99,44.7,45.98,10190700,0.0,0.0
2024-10-25 00:00:00-04:00,45.8,0.0,47.15,45.61,47.04,8858400,0.0,0.0
2024-10-24 00:00:00-04:00,46.65,0.0,47.12,45.59,45.94,11244500,0.0,0.0
2024-10-23 00:00:00-04:00,45.83,0.0,46.2,45.16,45.4,10908900,0.0,0.0
2024-10-22 00:00:00-04:00,46.19,0.0,46.82,45.81,46.67,10613300,0.0,0.0
2024-10-21 00:00:00-04:00,46.08,0.0,47.38,46.08,47.23,13326300,0.0,0.0
2024-10-18 00:00:00-04:00,48.66,0.0,49.24,48.62,48.88,6133300,0.0,0.0
2024-10-17 00:00:00-04:00,48.58,0.0,49.55,48.35,49.39,10606500,0.0,0.0
2024-10-16 00:00:00-04:00,50.93,0.0,51.48,50.71,51.08,7418700,0.0,0.0
2024-10-15 00:00:00-04:00,50.43,0.0,50.5,49.54,49.66,13065700,0.0,0.0
2024-10-14 00:00:00-04:00,48.6,0.0,48.61,47.37,47.5,8732500,0.0,0.0
2024-10-11 00:00:00-04:00,48.56,0.0,49.09,48.1,48.2,8223900,0.0,0.0
2024-10-10 00:00:00-04:00,49.12,0.0,49.18,48.12,48.86,13940000,0.0,0.0
2024-10-09 00:00:00-04:00,49.78,0.0,50.51,49.45,50.14,8634900,0.0,0.0
2024-10-08 00:00:00-04:00,50.68,0.0,50.7,49.63,49.78,9592600,0.0,0.0
2024-10-07 00:00:00-04:00,50.46,0.0,51.13,50.32,50.68,10458200,0.0,0.0
2024-10-04 00:00:00-04:00,51.58,0.0,52.27,51.37,51.43,16675900,0.0,0.0
2024-10-03 00:00:00-04:00,53.7,0.0,54.94,53.66,54.68,8063700,0.0,0.0
2024-10-02 00:00:00-04:00,55.26,0.0,55.32,54.19,54.67,10119300,0.0,0.0
2024-10-01 00:00:00-04:00,56.66,0.0,58.08,56.48,57.12,10508600,0.0,0.0
2024-09-30 00:00:00-04:00,55.54,0.0,56.52,55.13,56.38,7613800,0.0,0.0
2024-09-27 00:00:00-04:00,56.27,0.0,56.63,55.71,56.19,7243500,0.0,0.0
2024-09-26 00:00:00-04:00,55.48,0.0,55.8,54.43,55.55,8968900,0.0,0.0
2024-09-25 00:00:00-04:00,55.16,0.0,55.98,55.1,55.9,7283900,0.0,0.0
2024-09-24 00:00:00-04:00,56.66,0.435,56.96,55.19,55.39,9676400,0.0,0.0
2024-09-23 00:00:00-04:00,56.62,0.0,57.31,55.48,56.27,9837100,0.0,0.0
2024-09-20 00:00:00-04:00,57.08,0.0,57.63,56.72,57.21,7316600,0.0,0.0
2024-09-19 00:00:00-04:00,57.76,0.0,57.8,56.86,57.13,12014300,0.0,0.0
2024-09-18 00:00:00-04:00,58.37,0.0,60.36,58.26,59.5,13750300,0.0,0.0
2024-09-17 00:00:00-04:00,60.54,0.0,62.03,60.39,61.72,8590600,0.0,0.0
2024-09-16 00:00:00-04:00,61.41,0.0,61.55,59.87,60.27,7148500,0.0,0.0
2024-09-13 00:00:00-04:00,59.86,0.0,60.21,59.2,59.97,5668600,0.0,0.0
2024-09-12 00:00:00-04:00,59.44,0.0,60.18,58.66,59.85,9031400,0.0,0.0
2024-09-11 00:00:00-04:00,60.28,0.0,61.44,59.86,60.09,11145800,0.0,0.0
2024-09-10 00:00:00-04:00,60.42,0.0,60.86,58.94,59.09,7827600,0.0,0.0
2024-09-09 00:00:00-04:00,59.21,0.0,59.47,57.81,58.2,7162900,0.0,0.0
2024-09-06 00:00:00-04:00,58.53,0.0,60.67,57.88,58.48,17441800,0.0,0.0
2024-09-05 00:00:00-04:00,58.57,0.0,58.78,57.22,58.18,10178100,0.0,0.0
2024-09-04 00:00:00-04:00,57.62,0.0,57.67,55.6,55.73,8809600,0.0,0.0
2024-09-03 00:00:00-04:00,55.54,0.0,56.03,54.97,55.19,10087900,0.0,0.0
2024-08-30 00:00:00-04:00,53.04,0.0,55.47,53.0,54.98,9047600,0.0,0.0
2024-08-29 00:00:00-04:00,54.73,0.0,54.96,54.1,54.55,5564700,0.0,0.0
2024-08-28 00:00:00-04:00,55.35,0.0,55.93,55.13,55.61,4154300,0.0,0.0
2024-08-27 00:00:00-04:00,55.55,0.0,55.75,54.61,54.72,5700100,0.0,0.0
2024-08-26 00:00:00-04:00,55.86,0.0,56.84,55.78,56.8,5554500,0.0,0.0
2024-08-23 00:00:00-04:00,56.29,0.0,56.79,55.6,56.01,7711400,0.0,0.0
2024-08-22 00:00:00-04:00,55.29,0.0,56.25,54.73,56.14,9118700,0.0,0.0
2024-08-21 00:00:00-04:00,56.99,0.0,57.8,56.12,56.91,8292600,0.0,0.0
2024-08-20 00:00:00-04:00,56.99,0.0,57.23,55.99,56.35,6291800,0.0,0.0
2024-08-19 00:00:00-04:00,55.59,0.0,56.07,54.8,54.84,6075600,0.0,0.0
2024-08-16 00:00:00-04:00,54.83,0.0,55.05,54.17,54.83,5797900,0.0,0.0
2024-08-15 00:00:00-04:00,54.34,0.0,54.34,52.85,53.2,8764500,0.0,0.0
2024-08-14 00:00:00-04:00,55.75,0.0,56.17,55.09,55.17,8232300,0.0,0.0
2024-08-13 00:00:00-04:00,54.7,0.0,54.87,54.22,54.78,5959700,0.0,0.0
2024-08-12 00:00:00-04:00,53.67,0.0,53.97,52.43,52.69,6347800,0.0,0.0
2024-08-09 00:00:00-04:00,53.1,0.0,53.52,52.81,53.45,5908200,0.0,0.0
2024-08-08 00:00:00-04:00,51.55,0.0,51.72,50.8,51.25,9323100,0.0,0.0
2024-08-07 00:00:00-04:00,52.5,0.0,53.49,51.9,52.64,11968700,0.0,0.0
2024-08-06 00:00:00-04:00,53.86,0.0,56.92,53.86,56.43,13573300,0.0,0.0
2024-08-05 00:00:00-04:00,57.58,0.0,59.58,56.06,59.16,24384000,0.0,0.0
2024-08-02 00:00:00-04:00,56.71,0.0,56.89,54.49,54.57,18901000,0.0,0.0
2024-08-01 00:00:00-04:00,52.0,0.0,52.91,51.64,51.64,13760500,0.0,0.0
2024-07-31 00:00:00-04:00,50.65,0.0,50.7,49.76,50.18,7913500,0.0,0.0
2024-07-30 00:00:00-04:00,49.13,0.0,49.46,48.31,49.02,4875500,0.0,0.0
2024-07-29 00:00:00-04:00,48.63,0.0,48.92,48.21,48.91,3877400,0.0,0.0
2024-07-26 00:00:00-04:00,47.89,0.0,48.1,47.44,47.77,4520600,0.0,0.0
2024-07-25 00:00:00-04:00,46.84,0.0,47.71,46.36,46.48,8505800,0.0,0.0
2024-07-24 00:00:00-04:00,45.72,0.0,47.75,45.66,47.36,8514200,0.0,0.0
2024-07-23 00:00:00-04:00,47.32,0.0,48.04,47.22,47.72,3162900,0.0,0.0
2024-07-22 00:00:00-04:00,47.44,0.0,48.82,46.94,48.64,5215300,0.0,0.0
2024-07-19 00:00:00-04:00,47.97,0.0,48.29,47.77,48.13,3650500,0.0,0.0
2024-07-18 00:00:00-04:00,48.85,0.0,49.88,48.66,49.22,4729600,0.0,0.0
2024-07-17 00:00:00-04:00,49.99,0.0,50.3,49.19,49.56,6787500,0.0,0.0
2024-07-16 00:00:00-04:00,49.95,0.0,50.03,48.77,48.98,6161000,0.0,0.0
2024-07-15 00:00:00-04:00,47.98,0.0,48.68,47.84,48.21,6386600,0.0,0.0
2024-07-12 00:00:00-04:00,49.63,0.0,49.66,48.79,49.02,4946800,0.0,0.0
2024-07-11 00:00:00-04:00,49.17,0.0,50.05,49.03,49.35,10265500,0.0,0.0
2024-07-10 00:00:00-04:00,47.73,0.0,47.79,47.15,47.49,3877500,0.0,0.0
2024-07-09 00:00:00-04:00,47.26,0.0,47.8,46.58,47.52,4879300,0.0,0.0
2024-07-08 00:00:00-04:00,47.91,0.0,48.1,47.15,47.64,3656700,0.0,0.0
2024-07-05 00:00:00-04:00,47.65,0.0,47.92,46.67,47.2,5863600,0.0,0.0
2024-07-03 00:00:00-04:00,46.65,0.0,46.72,45.53,45.64,6721300,0.0,0.0
2024-07-02 00:00:00-04:00,44.85,0.0,45.15,44.07,44.98,7825800,0.0,0.0
2024-07-01 00:00:00-04:00,43.92,0.0,45.59,43.71,44.65,13321900,0.0,0.0
2024-06-28 00:00:00-04:00,46.3,0.0,49.37,46.27,49.31,15599400,0.0,0.0
2024-06-27 00:00:00-04:00,48.99,0.0,49.33,48.86,49.02,3339000,0.0,0.0
2024-06-26 00:00:00-04:00,48.49,0.0,48.97,48.42,48.68,5399300,0.0,0.0
2024-06-25 00:00:00-04:00,50.65,0.435,50.72,49.93,49.98,3141600,0.0,0.0
2024-06-24 00:00:00-04:00,50.34,0.0,50.38,49.45,49.94,3638700,0.0,0.0
2024-06-21 00:00:00-04:00,49.83,0.0,50.64,49.25,50.28,3710900,0.0,0.0
2024-06-20 00:00:00-04:00,49.85,0.0,49.94,48.88,49.01,5372500,0.0,0.0
2024-06-18 00:00:00-04:00,50.89,0.0,50.93,49.55,49.83,5541300,0.0,0.0
2024-06-17 00:00:00-04:00,49.51,0.0,49.72,48.85,49.28,6033600,0.0,0.0
2024-06-14 00:00:00-04:00,51.1,0.0,51.39,50.45,50.72,6863100,0.0,0.0
2024-06-13 00:00:00-04:00,49.87,0.0,50.07,48.45,48.88,8081000,0.0,0.0
2024-06-12 00:00:00-04:00,47.85,0.0,49.44,47.75,48.59,14533400,0.0,0.0
2024-06-11 00:00:00-04:00,46.78,0.0,46.85,45.45,45.64,5717500,0.0,0.0
2024-06-10 00:00:00-04:00,45.41,0.0,45.66,45.11,45.58,5072600,0.0,0.0
2024-06-07 00:00:00-04:00,46.37,0.0,46.9,46.2,46.87,10550000,0.0,0.0
2024-06-06 00:00:00-04:00,49.14,0.0,49.44,48.53,48.65,4786300,0.0,0.0
2024-06-05 00:00:00-04:00,49.3,0.0,49.3,47.82,48.77,7939800,0.0,0.0
2024-06-04 00:00:00-04:00,48.25,0.0,48.48,47.25,47.56,6854400,0.0,0.0
2024-06-03 00:00:00-04:00,46.62,0.0,46.78,45.18,45.18,5798000,0.0,0.0
2024-05-31 00:00:00-04:00,44.6,0.0,44.84,44.24,44.57,4674300,0.0,0.0
2024-05-30 00:00:00-04:00,43.67,0.0,43.8,43.13,43.4,4030200,0.0,0.0
2024-05-29 00:00:00-04:00,42.54,0.0,43.08,42.04,43.04,6851900,0.0,0.0
2024-05-28 00:00:00-04:00,44.1,0.0,46.05,44.03,46.0,5473000,0.0,0.0
2024-05-24 00:00:00-04:00,46.13,0.0,46.23,45.37,45.49,3110500,0.0,0.0
2024-05-23 00:00:00-04:00,45.72,0.0,46.79,45.29,46.76,5460800,0.0,0.0
2024-05-22 00:00:00-04:00,46.67,0.0,46.8,46.0,46.01,3026100,0.0,0.0
2024-05-21 00:00:00-04:00,46.56,0.0,46.81,46.3,46.71,2787400,0.0,0.0
2024-05-20 00:00:00-04:00,45.86,0.0,46.13,45.67,45.77,3018200,0.0,0.0
2024-05-17 00:00:00-04:00,46.29,0.0,46.89,46.2,46.66,3501300,0.0,0.0
2024-05-16 00:00:00-04:00,47.27,0.0,47.89,47.13,47.85,3889900,0.0,0.0
2024-05-15 00:00:00-04:00,47.47,0.0,47.66,46.72,47.11,5972300,0.0,0.0
2024-05-14 00:00:00-04:00,45.56,0.0,45.65,44.92,45.27,3256600,0.0,0.0
2024-05-13 00:00:00-04:00,44.83,0.0,45.22,44.79,45.16,2822500,0.0,0.0
2024-05-10 00:00:00-04:00,44.52,0.0,44.89,44.27,44.73,3468600,0.0,0.0
2024-05-09 00:00:00-04:00,45.26,0.0,45.49,44.11,44.18,4223600,0.0,0.0
2024-05-08 00:00:00-04:00,44.7,0.0,45.09,44.66,44.87,3742000,0.0,0.0
2024-05-07 00:00:00-04:00,45.55,0.0,46.27,45.35,45.77,4957800,0.0,0.0
2024-05-06 00:00:00-04:00,44.7,0.0,44.82,43.96,44.26,4375400,0.0,0.0
2024-05-03 00:00:00-04:00,44.2,0.0,44.61,43.39,44.43,7686900,0.0,0.0
2024-05-02 00:00:00-04:00,42.91,0.0,43.04,41.65,41.91,3999800,0.0,0.0
2024-05-01 00:00:00-04:00,42.48,0.0,43.36,41.98,42.5,9093800,0.0,0.0
2024-04-30 00:00:00-04:00,41.6,0.0,42.29,41.37,41.86,3699300,0.0,0.0
2024-04-29 00:00:00-04:00,42.67,0.0,42.69,41.94,42.18,3856900,0.0,0.0
2024-04-26 00:00:00-04:00,41.63,0.0,42.13,41.5,41.61,3430100,0.0,0.0
2024-04-25 00:00:00-04:00,40.99,0.0,41.16,40.39,40.56,6137100,0.0,0.0
2024-04-24 00:00:00-04:00,41.89,0.0,42.25,41.32,42.19,7151700,0.0,0.0
2024-04-23 00:00:00-04:00,42.79,0.0,43.59,42.16,42.44,5749200,0.0,0.0
2024-04-22 00:00:00-04:00,42.81,0.0,42.99,42.3,42.36,3441000,0.0,0.0
2024-04-19 00:00:00-04:00,43.09,0.0,43.4,42.69,43.38,4078300,0.0,0.0
2024-04-18 00:00:00-04:00,42.58,0.0,43.25,42.28,43.23,4663100,0.0,0.0
2024-04-17 00:00:00-04:00,43.31,0.0,43.45,42.16,42.74,9464700,0.0,0.0
2024-04-16 00:00:00-04:00,41.97,0.0,42.32,41.2,41.6,8491200,0.0,0.0
2024-04-15 00:00:00-04:00,42.84,0.0,43.34,42.26,43.32,12523300,0.0,0.0
2024-04-12 00:00:00-04:00,44.93,0.0,45.87,44.89,45.39,5772500,0.0,0.0
2024-04-11 00:00:00-04:00,44.22,0.0,45.17,43.79,45.1,11484700,0.0,0.0
2024-04-10 00:00:00-04:00,44.93,0.0,46.57,44.63,46.41,14462400,0.0,0.0
2024-04-09 00:00:00-04:00,48.05,0.0,48.2,47.41,47.46,4064400,0.0,0.0
2024-04-08 00:00:00-04:00,46.77,0.0,47.06,46.37,46.52,4950400,0.0,0.0
2024-04-05 00:00:00-04:00,46.81,0.0,48.02,46.79,47.23,5445900,0.0,0.0
2024-04-04 00:00:00-04:00,48.79,0.0,48.92,47.86,48.79,6041600,0.0,0.0
2024-04-03 00:00:00-04:00,47.89,0.0,47.92,46.36,46.72,9337400,0.0,0.0
2024-04-02 00:00:00-04:00,47.98,0.0,48.14,46.81,47.21,7727800,0.0,0.0
2024-04-01 00:00:00-04:00,48.72,0.0,49.97,48.58,49.94,7882800,0.0,0.0
2024-03-28 00:00:00-04:00,51.6,0.0,52.29,51.14,51.42,5515100,0.0,0.0
2024-03-27 00:00:00-04:00,51.73,0.0,51.77,50.57,50.66,6132500,0.0,0.0
2024-03-26 00:00:00-04:00,50.44,0.0,50.54,49.6,49.99,6343300,0.0,0.0
2024-03-25 00:00:00-04:00,49.99,0.0,50.32,49.63,50.3,4403200,0.0,0.0
2024-03-22 00:00:00-04:00,50.71,0.0,51.11,50.43,51.09,5822900,0.0,0.0
2024-03-21 00:00:00-04:00,49.32,0.0,49.87,48.78,49.59,7914500,0.0,0.0
2024-03-20 00:00:00-04:00,49.1,0.0,50.55,48.13,49.42,8692900,0.0,0.0
2024-03-19 00:00:00-04:00,49.15,0.32,49.69,48.78,49.03,5254400,0.0,0.0
2024-03-18 00:00:00-04:00,48.73,0.0,49.26,48.49,48.89,4237600,0.0,0.0
2024-03-15 00:00:00-04:00,49.25,0.0,49.59,48.96,49.42,4602500,0.0,0.0
2024-03-14 00:00:00-04:00,49.26,0.0,50.61,49.1,50.53,8285300,0.0,0.0
2024-03-13 00:00:00-04:00,51.74,0.0,52.24,51.38,51.86,6122900,0.0,0.0
2024-03-12 00:00:00-04:00,52.45,0.0,53.03,52.17,52.77,5549000,0.0,0.0
2024-03-11 00:00:00-04:00,53.86,0.0,54.41,53.33,54.36,4654600,0.0,0.0
2024-03-08 00:00:00-05:00,54.0,0.0,54.51,53.54,54.11,4996400,0.0,0.0
2024-03-07 00:00:00-05:00,54.22,0.0,55.15,53.56,55.06,5511400,0.0,0.0
2024-03-06 00:00:00-05:00,54.46,0.0,54.8,53.51,53.66,8477800,0.0,0.0
2024-03-05 00:00:00-05:00,53.57,0.0,53.95,52.79,53.25,7163400,0.0,0.0
2024-03-04 00:00:00-05:00,51.4,0.0,51.49,50.69,50.73,5629800,0.0,0.0
2024-03-01 00:00:00-05:00,51.98,0.0,52.08,49.67,50.39,7319300,0.0,0.0
2024-02-29 00:00:00-05:00,51.08,0.0,51.31,50.52,50.54,8451900,0.0,0.0
2024-02-28 00:00:00-05:00,50.1,0.0,50.21,49.12,49.4,6934000,0.0,0.0
2024-02-27 00:00:00-05:00,49.19,0.0,50.04,49.03,49.68,4813700,0.0,0.0
2024-02-26 00:00:00-05:00,50.23,0.0,50.96,49.6,50.92,5759400,0.0,0.0
2024-02-23 00:00:00-05:00,50.74,0.0,50.91,48.95,48.97,7347800,0.0,0.0
2024-02-22 00:00:00-05:00,48.76,0.0,49.0,48.22,48.37,6404900,0.0,0.0
2024-02-21 00:00:00-05:00,48.19,0.0,49.27,47.87,49.2,8240000,0.0,0.0
2024-02-20 00:00:00-05:00,49.17,0.0,49.76,49.01,49.16,4109600,0.0,0.0
2024-02-16 00:00:00-05:00,49.1,0.0,49.22,48.46,48.62,6291300,0.0,0.0
2024-02-15 00:00:00-05:00,49.99,0.0,50.68,49.52,50.43,7997000,0.0,0.0
2024-02-14 00:00:00-05:00,49.32,0.0,49.64,48.38,48.48,10087100,0.0,0.0
2024-02-13 00:00:00-05:00,48.6,0.0,49.71,48.56,49.41,10256100,0.0,0.0
2024-02-12 00:00:00-05:00,51.21,0.0,51.51,50.48,51.17,5864700,0.0,0.0
2024-02-09 00:00:00-05:00,51.07,0.0,51.32,50.76,50.89,5893400,0.0,0.0
2024-02-08 00:00:00-05:00,51.4,0.0,51.82,50.77,51.4,7732300,0.0,0.0
2024-02-07 00:00:00-05:00,52.42,0.0,53.45,52.25,52.32,8863800,0.0,0.0
2024-02-06 00:00:00-05:00,53.05,0.0,53.32,51.78,51.81,7459900,0.0,0.0
2024-02-05 00:00:00-05:00,51.68,0.0,52.89,51.48,52.52,11102100,0.0,0.0
2024-02-02 00:00:00-05:00,55.02,0.0,55.99,54.33,55.41,14372800,0.0,0.0
2024-02-01 00:00:00-05:00,58.81,0.0,59.69,57.16,57.54,14014000,0.0,0.0
2024-01-31 00:00:00-05:00,55.76,0.0,56.16,54.65,55.02,20476100,0.0,0.0
2024-01-30 00:00:00-05:00,54.15,0.0,54.18,52.52,53.77,10541600,0.0,0.0
2024-01-29 00:00:00-05:00,52.78,0.0,53.24,51.53,51.84,6722500,0.0,0.0
2024-01-26 00:00:00-05:00,51.0,0.0,51.47,50.51,51.28,5015900,0.0,0.0
2024-01-25 00:00:00-05:00,51.3,0.0,51.74,50.68,51.38,8687600,0.0,0.0
2024-01-24 00:00:00-05:00,50.43,0.0,52.33,49.97,52.28,14279800,0.0,0.0
2024-01-23 00:00:00-05:00,51.32,0.0,51.44,50.53,51.33,8432000,0.0,0.0
2024-01-22 00:00:00-05:00,52.56,0.0,53.29,52.13,52.83,9383900,0.0,0.0
2024-01-19 00:00:00-05:00,51.65,0.0,51.79,50.31,51.03,8683200,0.0,0.0
2024-01-18 00:00:00-05:00,51.23,0.0,52.54,50.71,52.33,10550100,0.0,0.0
2024-01-17 00:00:00-05:00,52.8,0.0,53.31,51.88,52.6,14538300,0.0,0.0
2024-01-16 00:00:00-05:00,53.0,0.0,54.67,52.47,54.4,14735400,0.0,0.0
2024-01-12 00:00:00-05:00,56.0,0.0,57.28,55.55,56.43,11257300,0.0,0.0
2024-01-11 00:00:00-05:00,56.3,0.0,56.55,54.62,55.38,14425200,0.0,0.0
2024-01-10 00:00:00-05:00,55.5,0.0,57.06,55.45,56.8,10955900,0.0,0.0
2024-01-09 00:00:00-05:00,56.43,0.0,57.26,56.24,56.36,12359400,0.0,0.0
2024-01-08 00:00:00-05:00,57.39,0.0,57.66,55.45,55.72,10497200,0.0,0.0
2024-01-05 00:00:00-05:00,55.9,0.0,58.24,55.66,56.15,14198200,0.0,0.0
2024-01-04 00:00:00-05:00,57.54,0.0,58.23,57.21,57.82,11865700,0.0,0.0
2024-01-03 00:00:00-05:00,60.28,0.0,60.52,57.42,57.83,13740100,0.0,0.0
2024-01-02 00:00:00-05:00,59.54,0.0,60.15,58.97,59.36,10547000,0.0,0.0
2023-12-29 00:00:00-05:00,60.76,0.0,62.37,60.44,61.1,8738200,0.0,0.0
2023-12-28 00:00:00-05:00,62.35,0.0,63.86,61.94,62.91,6247200,0.0,0.0
2023-12-27 00:00:00-05:00,63.77,0.0,63.81,61.97,62.42,7247500,0.0,0.0
2023-12-26 00:00:00-05:00,60.58,0.0,60.8,60.07,60.19,4201800,0.0,0.0
2023-12-22 00:00:00-05:00,60.12,0.0,61.81,59.66,61.81,6546000,0.0,0.0
2023-12-21 00:00:00-05:00,61.01,0.497,62.71,60.63,62.57,8519000,0.0,0.0
2023-12-20 00:00:00-05:00,62.31,0.0,62.49,60.43,61.42,9945500,0.0,0.0
2023-12-19 00:00:00-05:00,60.99,0.0,61.69,60.61,60.94,5178000,0.0,0.0
2023-12-18 00:00:00-05:00,60.09,0.0,60.27,59.43,60.24,6152700,0.0,0.0
2023-12-15 00:00:00-05:00,61.56,0.0,61.93,60.52,60.7,11461700,0.0,0.0
2023-12-14 00:00:00-05:00,61.24,0.0,61.37,58.56,58.93,10576700,0.0,0.0
2023-12-13 00:00:00-05:00,56.99,0.0,57.25,53.95,54.16,11489300,0.0,0.0
2023-12-12 00:00:00-05:00,53.22,0.0,53.39,52.06,52.48,6158700,0.0,0.0
2023-12-11 00:00:00-05:00,52.8,0.0,52.99,51.48,52.3,5384700,0.0,0.0
2023-12-08 00:00:00-05:00,53.17,0.0,53.47,52.1,53.03,9397400,0.0,0.0
2023-12-07 00:00:00-05:00,54.58,0.0,55.88,54.1,54.35,7613100,0.0,0.0
2023-12-06 00:00:00-05:00,55.57,0.0,55.86,53.88,54.25,11914300,0.0,0.0
2023-12-05 00:00:00-05:00,53.38,0.0,53.44,51.74,51.86,8324600,0.0,0.0
2023-12-04 00:00:00-05:00,,,,,,0,0.1,0.0
